-- phpMyAdmin SQL Dump
-- version 5.2.0
-- https://www.phpmyadmin.net/
--
-- Host: 127.0.0.1
-- Generation Time: Nov 30, 2022 at 07:05 AM
-- Server version: 10.4.25-MariaDB
-- PHP Version: 8.1.10

SET SQL_MODE = "NO_AUTO_VALUE_ON_ZERO";
START TRANSACTION;
SET time_zone = "+00:00";


/*!40101 SET @OLD_CHARACTER_SET_CLIENT=@@CHARACTER_SET_CLIENT */;
/*!40101 SET @OLD_CHARACTER_SET_RESULTS=@@CHARACTER_SET_RESULTS */;
/*!40101 SET @OLD_COLLATION_CONNECTION=@@COLLATION_CONNECTION */;
/*!40101 SET NAMES utf8mb4 */;

--
-- Database: `reality_show`
--

-- --------------------------------------------------------

--
-- Table structure for table `company`
--

CREATE TABLE `company` (
  `Cnumber` char(4) NOT NULL,
  `Name` text NOT NULL,
  `CAddress` text DEFAULT NULL,
  `Phone` decimal(10,0) NOT NULL,
  `Edate` date DEFAULT NULL
) ENGINE=InnoDB DEFAULT CHARSET=utf8mb4;

--
-- Dumping data for table `company`
--

INSERT INTO `company` (`Cnumber`, `Name`, `CAddress`, `Phone`, `Edate`) VALUES
('C100', 'Ghost', 'Dien Bien Phu Street, District 10, HCMC', '8361869275', '1992-08-19'),
('C101', 'Ancient ', 'Nguyen Van Khoi Street, District Go Vap, HCMC', '1285102784', '1978-03-24'),
('C102', 'Deviant', 'Ly Thai To Street, District 10, HCMC', '9768256719', '1984-06-13'),
('C103', 'Asgard', 'Bui Thi Xuan Street, District 1, HCMC', '3958269132', '2000-11-05');

-- --------------------------------------------------------

--
-- Table structure for table `episode`
--

CREATE TABLE `episode` (
  `Syear` year(4) NOT NULL,
  `Ep_No` int(1) NOT NULL CHECK (`Ep_No` >= 1 and `Ep_No` <= 5),
  `Name` text DEFAULT NULL,
  `Datetime` datetime DEFAULT NULL,
  `Duration` int(3) DEFAULT NULL
) ENGINE=InnoDB DEFAULT CHARSET=utf8mb4;

--
-- Dumping data for table `episode`
--

INSERT INTO `episode` (`Syear`, `Ep_No`, `Name`, `Datetime`, `Duration`) VALUES
(2018, 1, '2018_ep1', '2018-01-11 19:00:00', 90),
(2018, 2, '2018_ep2', '2018-02-12 19:00:00', 90),
(2018, 3, '2018_ep3', '2018-03-16 19:00:00', 90),
(2018, 4, '2018_ep4', '2018-04-17 19:00:00', 90),
(2018, 5, '2018_ep5', '2018-05-19 19:00:00', 90),
(2019, 1, '2019_ep1', '2019-07-05 19:00:00', 90),
(2019, 2, '2019_ep2', '2019-08-06 19:00:00', 90),
(2019, 3, '2019_ep3', '2019-09-07 19:00:00', 90),
(2019, 4, '2019_ep4', '2019-10-09 19:00:00', 90),
(2019, 5, '2019_ep5', '2019-11-10 19:00:00', 90);

-- --------------------------------------------------------

--
-- Table structure for table `ggroup`
--

CREATE TABLE `ggroup` (
  `Gname` varchar(100) NOT NULL,
  `No_of_member` int(2) DEFAULT NULL CHECK (`No_of_member` >= 1 and `No_of_member` <= 20),
  `Guest_ID` int(11) NOT NULL
) ENGINE=InnoDB DEFAULT CHARSET=utf8mb4;

--
-- Dumping data for table `ggroup`
--

INSERT INTO `ggroup` (`Gname`, `No_of_member`, `Guest_ID`) VALUES
('Beatles', 6, 6),
('Cters', 5, 8),
('MenInBlack', 5, 5),
('Walkers', 4, 7);

-- --------------------------------------------------------

--
-- Table structure for table `groupsignaturesong`
--

CREATE TABLE `groupsignaturesong` (
  `Gname` varchar(100) NOT NULL,
  `Song_name` varchar(100) NOT NULL
) ENGINE=InnoDB DEFAULT CHARSET=utf8mb4;

--
-- Dumping data for table `groupsignaturesong`
--

INSERT INTO `groupsignaturesong` (`Gname`, `Song_name`) VALUES
('Beatles', 'Hello'),
('Cters', 'Despacito'),
('MenInBlack', 'See You Again'),
('Walkers', 'Faded');

-- --------------------------------------------------------

--
-- Table structure for table `guestsupportstage`
--

CREATE TABLE `guestsupportstage` (
  `Guest_ID` int(11) NOT NULL,
  `Syear` year(4) NOT NULL,
  `Ep_No` int(1) NOT NULL,
  `Stage_No` int(3) NOT NULL
) ENGINE=InnoDB DEFAULT CHARSET=utf8mb4;

--
-- Dumping data for table `guestsupportstage`
--

INSERT INTO `guestsupportstage` (`Guest_ID`, `Syear`, `Ep_No`, `Stage_No`) VALUES
(2, 2018, 4, 841),
(4, 2018, 4, 842),
(6, 2018, 4, 843),
(8, 2018, 4, 844);

-- --------------------------------------------------------

--
-- Table structure for table `invitedguest`
--

CREATE TABLE `invitedguest` (
  `Guest_ID` int(11) NOT NULL
) ENGINE=InnoDB DEFAULT CHARSET=utf8mb4;

--
-- Dumping data for table `invitedguest`
--

INSERT INTO `invitedguest` (`Guest_ID`) VALUES
(1),
(2),
(3),
(4),
(5),
(6),
(7),
(8);

-- --------------------------------------------------------

--
-- Table structure for table `mc`
--

CREATE TABLE `mc` (
  `Ssn` decimal(12,0) NOT NULL
) ENGINE=InnoDB DEFAULT CHARSET=utf8mb4;

--
-- Dumping data for table `mc`
--

INSERT INTO `mc` (`Ssn`) VALUES
('111120180022'),
('111120180023'),
('333320180001'),
('333320190001');

-- --------------------------------------------------------

--
-- Table structure for table `mentor`
--

CREATE TABLE `mentor` (
  `Ssn` decimal(12,0) NOT NULL
) ENGINE=InnoDB DEFAULT CHARSET=utf8mb4;

--
-- Dumping data for table `mentor`
--

INSERT INTO `mentor` (`Ssn`) VALUES
('222220180001'),
('222220180002'),
('222220180003'),
('222220180004'),
('222220190001'),
('222220190002'),
('222220190003'),
('222220190004');

-- --------------------------------------------------------

--
-- Table structure for table `mentorvaluatetrainee`
--

CREATE TABLE `mentorvaluatetrainee` (
  `Syear` year(4) NOT NULL,
  `Ssn_trainee` decimal(12,0) NOT NULL,
  `Ssn_mentor` decimal(12,0) NOT NULL,
  `Score` int(3) DEFAULT NULL
) ;

--
-- Dumping data for table `mentorvaluatetrainee`
--

INSERT INTO `mentorvaluatetrainee` (`Syear`, `Ssn_trainee`, `Ssn_mentor`, `Score`) VALUES
(2018, '111120180001', '222220180001', 20),
(2018, '111120180002', '222220180001', 5),
(2018, '111120180003', '222220180001', 78),
(2018, '111120180004', '222220180001', 21),
(2018, '111120180005', '222220180001', 43),
(2018, '111120180006', '222220180001', 70),
(2018, '111120180007', '222220180001', 21),
(2018, '111120180008', '222220180001', 6),
(2018, '111120180009', '222220180001', 61),
(2018, '111120180010', '222220180001', 95),
(2018, '111120180011', '222220180001', 12),
(2018, '111120180012', '222220180001', 83),
(2018, '111120180013', '222220180001', 37),
(2018, '111120180014', '222220180001', 12),
(2018, '111120180015', '222220180001', 89),
(2018, '111120180016', '222220180001', 31),
(2018, '111120180017', '222220180001', 99),
(2018, '111120180018', '222220180001', 35),
(2018, '111120180019', '222220180001', 65),
(2018, '111120180020', '222220180001', 1),
(2018, '111120180021', '222220180001', 46),
(2018, '111120180022', '222220180001', 48),
(2018, '111120180023', '222220180001', 78),
(2018, '111120180024', '222220180001', 6),
(2018, '111120180025', '222220180001', 63),
(2018, '111120180026', '222220180001', 60),
(2018, '111120180027', '222220180001', 96),
(2018, '111120180028', '222220180001', 82),
(2018, '111120180029', '222220180001', 2),
(2018, '111120180030', '222220180001', 11),
(2018, '111120180031', '222220180001', 0),
(2018, '111120180032', '222220180001', 0),
(2018, '111120180033', '222220180001', 0),
(2018, '111120180034', '222220180001', 0),
(2018, '111120180035', '222220180001', 0),
(2018, '111120180036', '222220180001', 0),
(2018, '111120180037', '222220180001', 0),
(2018, '111120180038', '222220180001', 0),
(2018, '111120180039', '222220180001', 0),
(2018, '111120180040', '222220180001', 0),
(2018, '111120180001', '222220180002', 73),
(2018, '111120180002', '222220180002', 21),
(2018, '111120180003', '222220180002', 14),
(2018, '111120180004', '222220180002', 46),
(2018, '111120180005', '222220180002', 30),
(2018, '111120180006', '222220180002', 64),
(2018, '111120180007', '222220180002', 47),
(2018, '111120180008', '222220180002', 4),
(2018, '111120180009', '222220180002', 32),
(2018, '111120180010', '222220180002', 21),
(2018, '111120180011', '222220180002', 9),
(2018, '111120180012', '222220180002', 2),
(2018, '111120180013', '222220180002', 74),
(2018, '111120180014', '222220180002', 18),
(2018, '111120180015', '222220180002', 81),
(2018, '111120180016', '222220180002', 46),
(2018, '111120180017', '222220180002', 9),
(2018, '111120180018', '222220180002', 80),
(2018, '111120180019', '222220180002', 38),
(2018, '111120180020', '222220180002', 90),
(2018, '111120180021', '222220180002', 53),
(2018, '111120180022', '222220180002', 20),
(2018, '111120180023', '222220180002', 73),
(2018, '111120180024', '222220180002', 42),
(2018, '111120180025', '222220180002', 66),
(2018, '111120180026', '222220180002', 52),
(2018, '111120180027', '222220180002', 46),
(2018, '111120180028', '222220180002', 27),
(2018, '111120180029', '222220180002', 68),
(2018, '111120180030', '222220180002', 12),
(2018, '111120180031', '222220180002', 0),
(2018, '111120180032', '222220180002', 0),
(2018, '111120180033', '222220180002', 0),
(2018, '111120180034', '222220180002', 0),
(2018, '111120180035', '222220180002', 0),
(2018, '111120180036', '222220180002', 0),
(2018, '111120180037', '222220180002', 0),
(2018, '111120180038', '222220180002', 0),
(2018, '111120180039', '222220180002', 0),
(2018, '111120180040', '222220180002', 0),
(2018, '111120180001', '222220180003', 91),
(2018, '111120180002', '222220180003', 17),
(2018, '111120180003', '222220180003', 33),
(2018, '111120180004', '222220180003', 94),
(2018, '111120180005', '222220180003', 48),
(2018, '111120180006', '222220180003', 11),
(2018, '111120180007', '222220180003', 55),
(2018, '111120180008', '222220180003', 68),
(2018, '111120180009', '222220180003', 44),
(2018, '111120180010', '222220180003', 67),
(2018, '111120180011', '222220180003', 81),
(2018, '111120180012', '222220180003', 19),
(2018, '111120180013', '222220180003', 98),
(2018, '111120180014', '222220180003', 58),
(2018, '111120180015', '222220180003', 89),
(2018, '111120180016', '222220180003', 35),
(2018, '111120180017', '222220180003', 39),
(2018, '111120180018', '222220180003', 29),
(2018, '111120180019', '222220180003', 2),
(2018, '111120180020', '222220180003', 53),
(2018, '111120180021', '222220180003', 72),
(2018, '111120180022', '222220180003', 15),
(2018, '111120180023', '222220180003', 92),
(2018, '111120180024', '222220180003', 41),
(2018, '111120180025', '222220180003', 0),
(2018, '111120180026', '222220180003', 72),
(2018, '111120180027', '222220180003', 6),
(2018, '111120180028', '222220180003', 76),
(2018, '111120180029', '222220180003', 82),
(2018, '111120180030', '222220180003', 52),
(2018, '111120180031', '222220180003', 0),
(2018, '111120180032', '222220180003', 0),
(2018, '111120180033', '222220180003', 0),
(2018, '111120180034', '222220180003', 0),
(2018, '111120180035', '222220180003', 0),
(2018, '111120180036', '222220180003', 0),
(2018, '111120180037', '222220180003', 0),
(2018, '111120180038', '222220180003', 0),
(2018, '111120180039', '222220180003', 0),
(2018, '111120180040', '222220180003', 0),
(2018, '111120180001', '222220180004', 10),
(2018, '111120180002', '222220180004', 46),
(2018, '111120180003', '222220180004', 1),
(2018, '111120180004', '222220180004', 58),
(2018, '111120180005', '222220180004', 87),
(2018, '111120180006', '222220180004', 85),
(2018, '111120180007', '222220180004', 28),
(2018, '111120180008', '222220180004', 84),
(2018, '111120180009', '222220180004', 83),
(2018, '111120180010', '222220180004', 7),
(2018, '111120180011', '222220180004', 3),
(2018, '111120180012', '222220180004', 34),
(2018, '111120180013', '222220180004', 18),
(2018, '111120180014', '222220180004', 20),
(2018, '111120180015', '222220180004', 49),
(2018, '111120180016', '222220180004', 98),
(2018, '111120180017', '222220180004', 13),
(2018, '111120180018', '222220180004', 95),
(2018, '111120180019', '222220180004', 4),
(2018, '111120180020', '222220180004', 49),
(2018, '111120180021', '222220180004', 77),
(2018, '111120180022', '222220180004', 12),
(2018, '111120180023', '222220180004', 35),
(2018, '111120180024', '222220180004', 11),
(2018, '111120180025', '222220180004', 24),
(2018, '111120180026', '222220180004', 43),
(2018, '111120180027', '222220180004', 49),
(2018, '111120180028', '222220180004', 95),
(2018, '111120180029', '222220180004', 5),
(2018, '111120180030', '222220180004', 70),
(2018, '111120180031', '222220180004', 0),
(2018, '111120180032', '222220180004', 0),
(2018, '111120180033', '222220180004', 0),
(2018, '111120180034', '222220180004', 0),
(2018, '111120180035', '222220180004', 0),
(2018, '111120180036', '222220180004', 0),
(2018, '111120180037', '222220180004', 0),
(2018, '111120180038', '222220180004', 0),
(2018, '111120180039', '222220180004', 0),
(2018, '111120180040', '222220180004', 0),
(2019, '111120190001', '222220190001', 11),
(2019, '111120190002', '222220190001', 43),
(2019, '111120190003', '222220190001', 44),
(2019, '111120190004', '222220190001', 52),
(2019, '111120190005', '222220190001', 41),
(2019, '111120190006', '222220190001', 33),
(2019, '111120190007', '222220190001', 67),
(2019, '111120190008', '222220190001', 0),
(2019, '111120190009', '222220190001', 14),
(2019, '111120190010', '222220190001', 2),
(2019, '111120190011', '222220190001', 58),
(2019, '111120190012', '222220190001', 68),
(2019, '111120190013', '222220190001', 64),
(2019, '111120190014', '222220190001', 55),
(2019, '111120190015', '222220190001', 40),
(2019, '111120190016', '222220190001', 40),
(2019, '111120190017', '222220190001', 100),
(2019, '111120190018', '222220190001', 20),
(2019, '111120190019', '222220190001', 35),
(2019, '111120190020', '222220190001', 99),
(2019, '111120190021', '222220190001', 100),
(2019, '111120190022', '222220190001', 74),
(2019, '111120190023', '222220190001', 75),
(2019, '111120190024', '222220190001', 28),
(2019, '111120190025', '222220190001', 67),
(2019, '111120190026', '222220190001', 77),
(2019, '111120190027', '222220190001', 5),
(2019, '111120190028', '222220190001', 58),
(2019, '111120190029', '222220190001', 12),
(2019, '111120190030', '222220190001', 53),
(2019, '111120190031', '222220190001', 0),
(2019, '111120190032', '222220190001', 0),
(2019, '111120190033', '222220190001', 0),
(2019, '111120190034', '222220190001', 0),
(2019, '111120190035', '222220190001', 0),
(2019, '111120190036', '222220190001', 0),
(2019, '111120190037', '222220190001', 0),
(2019, '111120190038', '222220190001', 0),
(2019, '111120190039', '222220190001', 0),
(2019, '111120190040', '222220190001', 0),
(2019, '111120190001', '222220190002', 99),
(2019, '111120190002', '222220190002', 68),
(2019, '111120190003', '222220190002', 3),
(2019, '111120190004', '222220190002', 99),
(2019, '111120190005', '222220190002', 41),
(2019, '111120190006', '222220190002', 32),
(2019, '111120190007', '222220190002', 21),
(2019, '111120190008', '222220190002', 26),
(2019, '111120190009', '222220190002', 33),
(2019, '111120190010', '222220190002', 39),
(2019, '111120190011', '222220190002', 47),
(2019, '111120190012', '222220190002', 35),
(2019, '111120190013', '222220190002', 68),
(2019, '111120190014', '222220190002', 12),
(2019, '111120190015', '222220190002', 81),
(2019, '111120190016', '222220190002', 57),
(2019, '111120190017', '222220190002', 85),
(2019, '111120190018', '222220190002', 59),
(2019, '111120190019', '222220190002', 53),
(2019, '111120190020', '222220190002', 27),
(2019, '111120190021', '222220190002', 37),
(2019, '111120190022', '222220190002', 49),
(2019, '111120190023', '222220190002', 62),
(2019, '111120190024', '222220190002', 37),
(2019, '111120190025', '222220190002', 1),
(2019, '111120190026', '222220190002', 25),
(2019, '111120190027', '222220190002', 0),
(2019, '111120190028', '222220190002', 41),
(2019, '111120190029', '222220190002', 93),
(2019, '111120190030', '222220190002', 6),
(2019, '111120190031', '222220190002', 0),
(2019, '111120190032', '222220190002', 0),
(2019, '111120190033', '222220190002', 0),
(2019, '111120190034', '222220190002', 0),
(2019, '111120190035', '222220190002', 0),
(2019, '111120190036', '222220190002', 0),
(2019, '111120190037', '222220190002', 0),
(2019, '111120190038', '222220190002', 0),
(2019, '111120190039', '222220190002', 0),
(2019, '111120190040', '222220190002', 0),
(2019, '111120190001', '222220190003', 77),
(2019, '111120190002', '222220190003', 39),
(2019, '111120190003', '222220190003', 6),
(2019, '111120190004', '222220190003', 69),
(2019, '111120190005', '222220190003', 73),
(2019, '111120190006', '222220190003', 15),
(2019, '111120190007', '222220190003', 38),
(2019, '111120190008', '222220190003', 34),
(2019, '111120190009', '222220190003', 1),
(2019, '111120190010', '222220190003', 50),
(2019, '111120190011', '222220190003', 68),
(2019, '111120190012', '222220190003', 93),
(2019, '111120190013', '222220190003', 6),
(2019, '111120190014', '222220190003', 60),
(2019, '111120190015', '222220190003', 95),
(2019, '111120190016', '222220190003', 85),
(2019, '111120190017', '222220190003', 1),
(2019, '111120190018', '222220190003', 72),
(2019, '111120190019', '222220190003', 51),
(2019, '111120190020', '222220190003', 6),
(2019, '111120190021', '222220190003', 77),
(2019, '111120190022', '222220190003', 95),
(2019, '111120190023', '222220190003', 77),
(2019, '111120190024', '222220190003', 26),
(2019, '111120190025', '222220190003', 42),
(2019, '111120190026', '222220190003', 53),
(2019, '111120190027', '222220190003', 67),
(2019, '111120190028', '222220190003', 51),
(2019, '111120190029', '222220190003', 84),
(2019, '111120190030', '222220190003', 12),
(2019, '111120190031', '222220190003', 0),
(2019, '111120190032', '222220190003', 0),
(2019, '111120190033', '222220190003', 0),
(2019, '111120190034', '222220190003', 0),
(2019, '111120190035', '222220190003', 0),
(2019, '111120190036', '222220190003', 0),
(2019, '111120190037', '222220190003', 0),
(2019, '111120190038', '222220190003', 0),
(2019, '111120190039', '222220190003', 0),
(2019, '111120190040', '222220190003', 0),
(2019, '111120190001', '222220190004', 60),
(2019, '111120190002', '222220190004', 56),
(2019, '111120190003', '222220190004', 48),
(2019, '111120190004', '222220190004', 92),
(2019, '111120190005', '222220190004', 16),
(2019, '111120190006', '222220190004', 85),
(2019, '111120190007', '222220190004', 42),
(2019, '111120190008', '222220190004', 23),
(2019, '111120190009', '222220190004', 94),
(2019, '111120190010', '222220190004', 96),
(2019, '111120190011', '222220190004', 57),
(2019, '111120190012', '222220190004', 27),
(2019, '111120190013', '222220190004', 83),
(2019, '111120190014', '222220190004', 87),
(2019, '111120190015', '222220190004', 97),
(2019, '111120190016', '222220190004', 87),
(2019, '111120190017', '222220190004', 91),
(2019, '111120190018', '222220190004', 23),
(2019, '111120190019', '222220190004', 60),
(2019, '111120190020', '222220190004', 97),
(2019, '111120190021', '222220190004', 40),
(2019, '111120190022', '222220190004', 75),
(2019, '111120190023', '222220190004', 15),
(2019, '111120190024', '222220190004', 69),
(2019, '111120190025', '222220190004', 1),
(2019, '111120190026', '222220190004', 91),
(2019, '111120190027', '222220190004', 35),
(2019, '111120190028', '222220190004', 48),
(2019, '111120190029', '222220190004', 69),
(2019, '111120190030', '222220190004', 68),
(2019, '111120190031', '222220190004', 0),
(2019, '111120190032', '222220190004', 0),
(2019, '111120190033', '222220190004', 0),
(2019, '111120190034', '222220190004', 0),
(2019, '111120190035', '222220190004', 0),
(2019, '111120190036', '222220190004', 0),
(2019, '111120190037', '222220190004', 0),
(2019, '111120190038', '222220190004', 0),
(2019, '111120190039', '222220190004', 0),
(2019, '111120190040', '222220190004', 0);

-- --------------------------------------------------------

--
-- Table structure for table `person`
--

CREATE TABLE `person` (
  `Ssn` decimal(12,0) NOT NULL,
  `Fname` text DEFAULT NULL,
  `Lname` text DEFAULT NULL,
  `PAddress` text DEFAULT NULL,
  `Phone` decimal(10,0) NOT NULL
) ENGINE=InnoDB DEFAULT CHARSET=utf8mb4;

--
-- Dumping data for table `person`
--

INSERT INTO `person` (`Ssn`, `Fname`, `Lname`, `PAddress`, `Phone`) VALUES
('111120180001', 'Johnny', 'Dang', 'Dong Van Cong Street, District 2, HCMC', '354887693'),
('111120180002', 'Luon', 'Vuituoi', 'Cong Quynh Street, District 1, HCMC', '354887694'),
('111120180003', 'Leo', 'Nguyen', 'Ly Thuong Kiet Street, District 10, HCMC', '354887695'),
('111120180004', 'Daniel', 'Wellington', 'Ky Con Street, District 1, HCMC', '354887696'),
('111120180005', 'Julliet', 'Johnson', 'Tran Hung Dao Street, District 1, HCMC', '354887697'),
('111120180006', 'Romeo', 'Smith', 'Tran Dinh Xu Street, District 1, HCMC', '354887698'),
('111120180007', 'Walter', 'White', 'Le Loi Street, District 1, HCMC', '354887699'),
('111120180008', 'Don', 'Brown', 'Nguyen Hue Street, District 1, HCMC', '354887700'),
('111120180009', 'Boba', 'Green', 'Tran Hung Dao Street, District 5, HCMC', '354887701'),
('111120180010', 'Samael', 'Morning', 'Ho Hao Hon Street, District 1, HCMC', '354887702'),
('111120180011', 'Lucifer', 'Morningstar', 'Le Lai Street, District 1, HCMC', '354887703'),
('111120180012', 'Don', 'Chisao', 'Nguyen Du Street, District 1, HCMC', '354887704'),
('111120180013', 'Tom', 'Vecna', 'Tran Hung Dao Street, District 1, HCMC', '354887705'),
('111120180014', 'Jerry', 'Peterson', 'Tran Dinh Xu Street, District 1, HCMC', '354887706'),
('111120180015', 'Sam', 'Waltersom', 'Le Loi Street, District 1, HCMC', '354887707'),
('111120180016', 'Ching', 'Sunat', 'Nguyen Hue Street, District 1, HCMC', '354887708'),
('111120180017', 'Sinat', 'San', 'Tran Hung Dao Street, District 5, HCMC', '354887709'),
('111120180018', 'Mohamale', 'Christ', 'Ho Hao Hon Street, District 1, HCMC', '354887710'),
('111120180019', 'John', 'Smith', 'Le Lai Street, District 1, HCMC', '354887711'),
('111120180020', 'Dat', 'Tran', 'Nguyen Du Street, District 1, HCMC', '354887712'),
('111120180021', 'Khoa', 'Nguyen', 'Dong Van Cong Street, District 2, HCMC', '354887713'),
('111120180022', 'Minh', 'Tran', 'Cong Quynh Street, District 1, HCMC', '354887714'),
('111120180023', 'Thien', 'Ly', 'Ly Thuong Kiet Street, District 10, HCMC', '354887715'),
('111120180024', 'Nguyen', 'Le', 'Ky Con Street, District 1, HCMC', '354887716'),
('111120180025', 'Nghia', 'Dinh', 'Tran Hung Dao Street, District 1, HCMC', '354887717'),
('111120180026', 'Hao', 'Mai', 'Tran Dinh Xu Street, District 1, HCMC', '354887718'),
('111120180027', 'Ron', 'Wesley', 'Le Loi Street, District 1, HCMC', '354887719'),
('111120180028', 'Emma', 'Watson', 'Nguyen Hue Street, District 1, HCMC', '354887720'),
('111120180029', 'Harry', 'Stone', 'Tran Hung Dao Street, District 5, HCMC', '354887721'),
('111120180030', 'Charles', 'Tree', 'Ho Hao Hon Street, District 1, HCMC', '354887722'),
('111120180031', 'Sam', 'Leaf', 'Dong Van Cong Street, District 2, HCMC', '354888822'),
('111120180032', 'Ching', 'Ly', 'Cong Quynh Street, District 1, HCMC', '354888823'),
('111120180033', 'Sinat', 'Pham', 'Ly Thuong Kiet Street, District 10, HCMC', '354888824'),
('111120180034', 'Mohamale', 'John', 'Ky Con Street, District 1, HCMC', '354888825'),
('111120180035', 'John', 'Robert', 'Tran Hung Dao Street, District 1, HCMC', '354888826'),
('111120180036', 'Dat', 'Michael', 'Tran Dinh Xu Street, District 1, HCMC', '354888827'),
('111120180037', 'Khoa', 'William', 'Le Loi Street, District 1, HCMC', '354888828'),
('111120180038', 'Minh', 'David', 'Ly Thuong Kiet Street, District 10, HCMC', '354888829'),
('111120180039', 'Thien', 'Richard', 'Ky Con Street, District 1, HCMC', '354888830'),
('111120180040', 'Nguyen', 'Joseph', 'Tran Hung Dao Street, District 1, HCMC', '354888831'),
('111120190001', 'Ella', 'Ice', 'Le Lai Street, District 1, HCMC', '354887723'),
('111120190002', 'Ellizabeth', 'Queenie', 'Nguyen Du Street, District 1, HCMC', '354887724'),
('111120190003', 'Jane', 'Root', 'Tran Hung Dao Street, District 1, HCMC', '354887725'),
('111120190004', 'Ngan', 'Roof', 'Tran Dinh Xu Street, District 1, HCMC', '354887726'),
('111120190005', 'Thuy', 'Phan', 'Le Loi Street, District 1, HCMC', '354887727'),
('111120190006', 'Duy', 'Tham', 'Nguyen Hue Street, District 1, HCMC', '354887728'),
('111120190007', 'Tri', 'Leaf', 'Tran Hung Dao Street, District 5, HCMC', '354887729'),
('111120190008', 'Hieu', 'Ly', 'Ho Hao Hon Street, District 1, HCMC', '354887730'),
('111120190009', 'Hoa', 'Pham', 'Le Lai Street, District 1, HCMC', '354887731'),
('111120190010', 'Teo', 'John', 'Dong Van Cong Street, District 2, HCMC', '354887732'),
('111120190011', 'Ti', 'Robert', 'Cong Quynh Street, District 1, HCMC', '354887733'),
('111120190012', 'Tan', 'Michael', 'Ly Thuong Kiet Street, District 10, HCMC', '354887734'),
('111120190013', 'Tai', 'William', 'Ky Con Street, District 1, HCMC', '354887735'),
('111120190014', 'Chuong', 'David', 'Tran Hung Dao Street, District 1, HCMC', '354887736'),
('111120190015', 'Vy', 'Richard', 'Tran Dinh Xu Street, District 1, HCMC', '354887737'),
('111120190016', 'Nam', 'Joseph', 'Le Loi Street, District 1, HCMC', '354887738'),
('111120190017', 'Quan', 'Charles', 'Nguyen Hue Street, District 1, HCMC', '354887739'),
('111120190018', 'Sang', 'Thomas', 'Tran Hung Dao Street, District 5, HCMC', '354887740'),
('111120190019', 'Chieu', 'Ti', 'Ho Hao Hon Street, District 1, HCMC', '354887741'),
('111120190020', 'Toi', 'Tan', 'Le Lai Street, District 1, HCMC', '354887742'),
('111120190021', 'Khuya', 'Tai', 'Nguyen Du Street, District 1, HCMC', '354887743'),
('111120190022', 'Jacob', 'Chuong', 'Tran Hung Dao Street, District 1, HCMC', '354887744'),
('111120190023', 'Oliver', 'Jakiechan', 'Tran Dinh Xu Street, District 1, HCMC', '354887745'),
('111120190024', 'John', 'Jack', 'Le Loi Street, District 1, HCMC', '354887746'),
('111120190025', 'Robert', 'Harrison', 'Nguyen Hue Street, District 1, HCMC', '354887747'),
('111120190026', 'Michael', 'Jacobinet', 'Tran Hung Dao Street, District 5, HCMC', '354887748'),
('111120190027', 'William', 'Charlie', 'Ho Hao Hon Street, District 1, HCMC', '354887749'),
('111120190028', 'David', 'Thomas', 'Le Lai Street, District 1, HCMC', '354887750'),
('111120190029', 'Richard', 'George', 'Nguyen Du Street, District 1, HCMC', '354887751'),
('111120190030', 'Joseph', 'Oscar', 'Dong Van Cong Street, District 2, HCMC', '354887752'),
('111120190031', 'Oliver', 'Jake', 'Ho Hao Hon Street, District 1, HCMC', '354888853'),
('111120190032', 'John', 'Jacksonie', 'Le Loi Street, District 1, HCMC', '354888854'),
('111120190033', 'Robert', 'Harry', 'Tran Hung Dao Street, District 1, HCMC', '354888855'),
('111120190034', 'Michael', 'Jacob', 'Tran Dinh Xu Street, District 1, HCMC', '354888856'),
('111120190035', 'Ti', 'Charlie', 'Le Loi Street, District 1, HCMC', '354888857'),
('111120190036', 'Tan', 'Thomas', 'Nguyen Hue Street, District 1, HCMC', '354888858'),
('111120190037', 'Tai', 'George', 'Tran Dinh Xu Street, District 1, HCMC', '354888859'),
('111120190038', 'Charles', 'Chieu', 'Le Loi Street, District 1, HCMC', '354888860'),
('111120190039', 'Thomas', 'Toi', 'Nguyen Hue Street, District 1, HCMC', '354888861'),
('111120190040', 'Ti', 'Khuya', 'Le Lai Street, District 1, HCMC', '354888862'),
('222220180001', 'Charles', 'James', 'Cong Quynh Street, District 1, HCMC', '354887753'),
('222220180002', 'Thomas', 'William', 'Ly Thuong Kiet Street, District 10, HCMC', '354887754'),
('222220180003', 'Margaret', 'Emma', 'Le Lai Street, District 1, HCMC', '354887755'),
('222220180004', 'Olivia', 'Samantha', 'Nguyen Du Street, District 1, HCMC', '354887756'),
('222220190001', 'Isla', 'Bethany', 'Tran Hung Dao Street, District 1, HCMC', '354887757'),
('222220190002', 'Emily', 'Elizabeth', 'Tran Dinh Xu Street, District 1, HCMC', '354887758'),
('222220190003', 'Poppy', 'Joanne', 'Le Loi Street, District 1, HCMC', '354887759'),
('222220190004', 'Ava', 'Megan', 'Nguyen Hue Street, District 1, HCMC', '354887760'),
('333320180001', 'Patricia', 'Elizabeth', 'Tran Hung Dao Street, District 5, HCMC', '354887761'),
('333320190001', 'Jennifer', 'Linda', 'Ho Hao Hon Street, District 1, HCMC', '354887762');

-- --------------------------------------------------------

--
-- Table structure for table `producer`
--

CREATE TABLE `producer` (
  `Ssn` decimal(12,0) NOT NULL
) ENGINE=InnoDB DEFAULT CHARSET=utf8mb4;

--
-- Dumping data for table `producer`
--

INSERT INTO `producer` (`Ssn`) VALUES
('222220180004'),
('222220190004');

-- --------------------------------------------------------

--
-- Table structure for table `producerprogram`
--

CREATE TABLE `producerprogram` (
  `Ssn` decimal(12,0) NOT NULL,
  `Program_name` varchar(512) NOT NULL
) ENGINE=InnoDB DEFAULT CHARSET=utf8mb4;

--
-- Dumping data for table `producerprogram`
--

INSERT INTO `producerprogram` (`Ssn`, `Program_name`) VALUES
('222220180004', 'Dark Pictures'),
('222220180004', 'LoveYou3000'),
('222220190004', 'Mementos'),
('222220190004', 'Persona ');

-- --------------------------------------------------------

--
-- Table structure for table `season`
--

CREATE TABLE `season` (
  `SYear` year(4) NOT NULL,
  `Location` text DEFAULT NULL,
  `Themesong_ID` varchar(5) DEFAULT NULL,
  `MC_Ssn` decimal(12,0) NOT NULL
) ENGINE=InnoDB DEFAULT CHARSET=utf8mb4;

--
-- Dumping data for table `season`
--

INSERT INTO `season` (`SYear`, `Location`, `Themesong_ID`, `MC_Ssn`) VALUES
(2018, 'Hanoi', 'S001', '333320180001'),
(2019, 'HCMC', 'S002', '333320190001');

-- --------------------------------------------------------

--
-- Table structure for table `seasonmentor`
--

CREATE TABLE `seasonmentor` (
  `Syear` year(4) NOT NULL,
  `Ssn_mentor` decimal(12,0) NOT NULL
) ENGINE=InnoDB DEFAULT CHARSET=utf8mb4;

--
-- Dumping data for table `seasonmentor`
--

INSERT INTO `seasonmentor` (`Syear`, `Ssn_mentor`) VALUES
(2018, '222220180001'),
(2018, '222220180002'),
(2018, '222220180003'),
(2018, '222220180004'),
(2019, '222220190001'),
(2019, '222220190002'),
(2019, '222220190003'),
(2019, '222220190004');

-- --------------------------------------------------------

--
-- Table structure for table `seasontrainee`
--

CREATE TABLE `seasontrainee` (
  `Syear` year(4) NOT NULL,
  `Ssn_trainee` decimal(12,0) NOT NULL
) ENGINE=InnoDB DEFAULT CHARSET=utf8mb4;

--
-- Dumping data for table `seasontrainee`
--

INSERT INTO `seasontrainee` (`Syear`, `Ssn_trainee`) VALUES
(2018, '111120180001'),
(2018, '111120180002'),
(2018, '111120180003'),
(2018, '111120180004'),
(2018, '111120180005'),
(2018, '111120180006'),
(2018, '111120180007'),
(2018, '111120180008'),
(2018, '111120180009'),
(2018, '111120180010'),
(2018, '111120180011'),
(2018, '111120180012'),
(2018, '111120180013'),
(2018, '111120180014'),
(2018, '111120180015'),
(2018, '111120180016'),
(2018, '111120180017'),
(2018, '111120180018'),
(2018, '111120180019'),
(2018, '111120180020'),
(2018, '111120180021'),
(2018, '111120180022'),
(2018, '111120180023'),
(2018, '111120180024'),
(2018, '111120180025'),
(2018, '111120180026'),
(2018, '111120180027'),
(2018, '111120180028'),
(2018, '111120180029'),
(2018, '111120180030'),
(2018, '111120180031'),
(2018, '111120180032'),
(2018, '111120180033'),
(2018, '111120180034'),
(2018, '111120180035'),
(2018, '111120180036'),
(2018, '111120180037'),
(2018, '111120180038'),
(2018, '111120180039'),
(2018, '111120180040'),
(2019, '111120190001'),
(2019, '111120190002'),
(2019, '111120190003'),
(2019, '111120190004'),
(2019, '111120190005'),
(2019, '111120190006'),
(2019, '111120190007'),
(2019, '111120190008'),
(2019, '111120190009'),
(2019, '111120190010'),
(2019, '111120190011'),
(2019, '111120190012'),
(2019, '111120190013'),
(2019, '111120190014'),
(2019, '111120190015'),
(2019, '111120190016'),
(2019, '111120190017'),
(2019, '111120190018'),
(2019, '111120190019'),
(2019, '111120190020'),
(2019, '111120190021'),
(2019, '111120190022'),
(2019, '111120190023'),
(2019, '111120190024'),
(2019, '111120190025'),
(2019, '111120190026'),
(2019, '111120190027'),
(2019, '111120190028'),
(2019, '111120190029'),
(2019, '111120190030'),
(2019, '111120190031'),
(2019, '111120190032'),
(2019, '111120190033'),
(2019, '111120190034'),
(2019, '111120190035'),
(2019, '111120190036'),
(2019, '111120190037'),
(2019, '111120190038'),
(2019, '111120190039'),
(2019, '111120190040');

-- --------------------------------------------------------

--
-- Table structure for table `singer`
--

CREATE TABLE `singer` (
  `Ssn` decimal(12,0) NOT NULL,
  `Guest_ID` int(11) DEFAULT NULL
) ENGINE=InnoDB DEFAULT CHARSET=utf8mb4;

--
-- Dumping data for table `singer`
--

INSERT INTO `singer` (`Ssn`, `Guest_ID`) VALUES
('222220180003', 0),
('222220180001', 1),
('222220180002', 2);

-- --------------------------------------------------------

--
-- Table structure for table `singersignaturesong`
--

CREATE TABLE `singersignaturesong` (
  `Ssn` decimal(12,0) NOT NULL,
  `Song_name` text DEFAULT NULL
) ENGINE=InnoDB DEFAULT CHARSET=utf8mb4;

--
-- Dumping data for table `singersignaturesong`
--

INSERT INTO `singersignaturesong` (`Ssn`, `Song_name`) VALUES
('222220180001', 'Hello'),
('222220180002', 'I believe I can fly'),
('222220180003', 'The Earth');

-- --------------------------------------------------------

--
-- Table structure for table `song`
--

CREATE TABLE `song` (
  `Number` varchar(5) NOT NULL,
  `Released_year` year(4) DEFAULT NULL,
  `Name` text DEFAULT NULL,
  `Singer_SSN_first_performed` decimal(12,0) DEFAULT NULL
) ENGINE=InnoDB DEFAULT CHARSET=utf8mb4;

--
-- Dumping data for table `song`
--

INSERT INTO `song` (`Number`, `Released_year`, `Name`, `Singer_SSN_first_performed`) VALUES
('S001', 2018, 'Themesong 2018', NULL),
('S002', 2019, 'Themesong 2019', NULL),
('S003', 2018, 'Perfect', NULL),
('S004', 2020, 'Intentions', '222220180001'),
('S005', 2010, 'Misery', '222220180002'),
('S006', 2015, 'Lean On', '222220180003'),
('S007', 1999, 'Unstoppable', NULL),
('S008', 2000, 'Data', NULL),
('S009', 2001, 'Sensitive', NULL),
('S010', 2002, 'Happy birthday to you', NULL);

--
-- Triggers `song`
--
DELIMITER $$
CREATE TRIGGER `Song_num_insert` BEFORE INSERT ON `song` FOR EACH ROW BEGIN
            INSERT INTO song_sequecing VALUES (NULL);
            SET new.Number = CONCAT("S", LPAD(LAST_INSERT_ID(), 3, '0'));
        END
$$
DELIMITER ;

-- --------------------------------------------------------

--
-- Table structure for table `songcomposedby`
--

CREATE TABLE `songcomposedby` (
  `Song_ID` varchar(5) NOT NULL,
  `Composer_Ssn` decimal(12,0) NOT NULL
) ENGINE=InnoDB DEFAULT CHARSET=utf8mb4;

--
-- Dumping data for table `songcomposedby`
--

INSERT INTO `songcomposedby` (`Song_ID`, `Composer_Ssn`) VALUES
('S001', '222220190001'),
('S002', '222220190002'),
('S003', '222220190003'),
('S004', '222220190001'),
('S005', '222220190002'),
('S006', '222220190003');

-- --------------------------------------------------------

--
-- Table structure for table `songwriter`
--

CREATE TABLE `songwriter` (
  `Ssn` decimal(12,0) NOT NULL
) ENGINE=InnoDB DEFAULT CHARSET=utf8mb4;

--
-- Dumping data for table `songwriter`
--

INSERT INTO `songwriter` (`Ssn`) VALUES
('222220190001'),
('222220190002'),
('222220190003');

-- --------------------------------------------------------

--
-- Table structure for table `song_sequecing`
--

CREATE TABLE `song_sequecing` (
  `Num` int(11) NOT NULL
) ENGINE=InnoDB DEFAULT CHARSET=utf8mb4;

--
-- Dumping data for table `song_sequecing`
--

INSERT INTO `song_sequecing` (`Num`) VALUES
(1),
(2),
(3),
(4),
(5),
(6),
(7),
(8),
(9),
(10);

-- --------------------------------------------------------

--
-- Table structure for table `stage`
--

CREATE TABLE `stage` (
  `Syear` year(4) NOT NULL,
  `Ep_No` int(1) NOT NULL CHECK (`Ep_No` >= 1 and `Ep_No` <= 5),
  `Stage_No` int(3) NOT NULL,
  `Is_Group` tinyint(1) NOT NULL,
  `Skill` int(1) DEFAULT 4,
  `Total_Votes` int(11) DEFAULT NULL,
  `Song_ID` varchar(5) NOT NULL
) ;

--
-- Dumping data for table `stage`
--

INSERT INTO `stage` (`Syear`, `Ep_No`, `Stage_No`, `Is_Group`, `Skill`, `Total_Votes`, `Song_ID`) VALUES
(2018, 1, 801, 0, 4, NULL, 'S001'),
(2018, 2, 821, 1, 1, 1343, 'S003'),
(2018, 2, 822, 1, 1, 465, 'S004'),
(2018, 2, 823, 1, 2, 999, 'S005'),
(2018, 2, 824, 1, 2, 1153, 'S006'),
(2018, 2, 825, 1, 3, 563, 'S007'),
(2018, 2, 826, 1, 3, 802, 'S008'),
(2018, 3, 831, 1, 4, 1956, 'S009'),
(2018, 3, 832, 1, 4, 603, 'S009'),
(2018, 3, 833, 1, 4, 1667, 'S010'),
(2018, 3, 834, 1, 4, 789, 'S010'),
(2018, 4, 841, 1, 4, 1085, 'S005'),
(2018, 4, 842, 1, 4, 1061, 'S006'),
(2018, 4, 843, 1, 4, 991, 'S007'),
(2018, 4, 844, 1, 4, 646, 'S008'),
(2018, 5, 850, 0, 1, NULL, 'S006'),
(2018, 5, 851, 0, 3, NULL, 'S007'),
(2018, 5, 852, 0, 4, NULL, 'S008'),
(2018, 5, 853, 0, 2, NULL, 'S009'),
(2018, 5, 854, 0, 1, NULL, 'S009'),
(2018, 5, 855, 0, 3, NULL, 'S010'),
(2018, 5, 856, 0, 4, NULL, 'S010'),
(2018, 5, 857, 0, 3, NULL, 'S005'),
(2018, 5, 858, 0, 2, NULL, 'S006'),
(2018, 5, 859, 0, 3, NULL, 'S007'),
(2018, 5, 860, 1, 4, NULL, 'S008'),
(2018, 5, 861, 1, 4, NULL, 'S009');

-- --------------------------------------------------------

--
-- Table structure for table `stageincludetrainee`
--

CREATE TABLE `stageincludetrainee` (
  `SYear` year(4) NOT NULL,
  `Ep_No` int(1) NOT NULL,
  `Stage_No` int(3) NOT NULL,
  `Ssn_trainee` decimal(12,0) NOT NULL,
  `Role` int(1) NOT NULL DEFAULT 1,
  `No_of_votes` int(3) DEFAULT NULL CHECK (`No_of_votes` >= 0 and `No_of_votes` <= 500)
) ;

--
-- Dumping data for table `stageincludetrainee`
--

INSERT INTO `stageincludetrainee` (`SYear`, `Ep_No`, `Stage_No`, `Ssn_trainee`, `Role`, `No_of_votes`) VALUES
(2018, 1, 801, '111120180001', 1, NULL),
(2018, 1, 801, '111120180002', 1, NULL),
(2018, 1, 801, '111120180003', 1, NULL),
(2018, 1, 801, '111120180004', 1, NULL),
(2018, 1, 801, '111120180005', 1, NULL),
(2018, 1, 801, '111120180006', 1, NULL),
(2018, 1, 801, '111120180007', 1, NULL),
(2018, 1, 801, '111120180008', 1, NULL),
(2018, 1, 801, '111120180009', 1, NULL),
(2018, 1, 801, '111120180010', 1, NULL),
(2018, 1, 801, '111120180011', 1, NULL),
(2018, 1, 801, '111120180012', 1, NULL),
(2018, 1, 801, '111120180013', 1, NULL),
(2018, 1, 801, '111120180014', 1, NULL),
(2018, 1, 801, '111120180015', 1, NULL),
(2018, 1, 801, '111120180016', 1, NULL),
(2018, 1, 801, '111120180017', 1, NULL),
(2018, 1, 801, '111120180018', 1, NULL),
(2018, 1, 801, '111120180019', 1, NULL),
(2018, 1, 801, '111120180020', 1, NULL),
(2018, 1, 801, '111120180021', 1, NULL),
(2018, 1, 801, '111120180022', 1, NULL),
(2018, 1, 801, '111120180023', 1, NULL),
(2018, 1, 801, '111120180024', 1, NULL),
(2018, 1, 801, '111120180025', 1, NULL),
(2018, 1, 801, '111120180026', 1, NULL),
(2018, 1, 801, '111120180027', 1, NULL),
(2018, 1, 801, '111120180028', 1, NULL),
(2018, 1, 801, '111120180029', 1, NULL),
(2018, 1, 801, '111120180030', 1, NULL),
(2018, 1, 801, '111120180031', 1, NULL),
(2018, 1, 801, '111120180032', 1, NULL),
(2018, 1, 801, '111120180033', 1, NULL),
(2018, 1, 801, '111120180034', 1, NULL),
(2018, 1, 801, '111120180035', 1, NULL),
(2018, 1, 801, '111120180036', 1, NULL),
(2018, 1, 801, '111120180037', 1, NULL),
(2018, 1, 801, '111120180038', 1, NULL),
(2018, 1, 801, '111120180039', 1, NULL),
(2018, 1, 801, '111120180040', 1, NULL),
(2018, 2, 821, '111120180001', 2, 360),
(2018, 2, 821, '111120180002', 3, 65),
(2018, 2, 821, '111120180003', 1, 1),
(2018, 2, 821, '111120180004', 1, 497),
(2018, 2, 821, '111120180005', 1, 420),
(2018, 2, 822, '111120180006', 2, 1),
(2018, 2, 822, '111120180007', 3, 383),
(2018, 2, 822, '111120180008', 1, 33),
(2018, 2, 822, '111120180009', 1, 1),
(2018, 2, 822, '111120180010', 1, 47),
(2018, 2, 823, '111120180011', 2, 50),
(2018, 2, 823, '111120180012', 3, 1),
(2018, 2, 823, '111120180013', 1, 461),
(2018, 2, 823, '111120180014', 1, 486),
(2018, 2, 823, '111120180015', 1, 1),
(2018, 2, 824, '111120180016', 2, 297),
(2018, 2, 824, '111120180017', 3, 432),
(2018, 2, 824, '111120180018', 1, 1),
(2018, 2, 824, '111120180019', 1, 52),
(2018, 2, 824, '111120180020', 1, 371),
(2018, 2, 825, '111120180021', 2, 1),
(2018, 2, 825, '111120180022', 3, 358),
(2018, 2, 825, '111120180023', 1, 47),
(2018, 2, 825, '111120180024', 1, 1),
(2018, 2, 825, '111120180025', 1, 156),
(2018, 2, 826, '111120180026', 2, 245),
(2018, 2, 826, '111120180027', 3, 1),
(2018, 2, 826, '111120180028', 1, 91),
(2018, 2, 826, '111120180029', 1, 464),
(2018, 2, 826, '111120180030', 1, 1),
(2018, 3, 831, '111120180001', 2, 331),
(2018, 3, 831, '111120180002', 3, 470),
(2018, 3, 831, '111120180004', 1, 424),
(2018, 3, 831, '111120180005', 1, 308),
(2018, 3, 831, '111120180007', 1, 423),
(2018, 3, 832, '111120180008', 2, 183),
(2018, 3, 832, '111120180010', 3, 120),
(2018, 3, 832, '111120180011', 1, 150),
(2018, 3, 832, '111120180013', 1, 100),
(2018, 3, 832, '111120180014', 1, 50),
(2018, 3, 833, '111120180016', 2, 274),
(2018, 3, 833, '111120180017', 3, 279),
(2018, 3, 833, '111120180019', 1, 454),
(2018, 3, 833, '111120180020', 1, 399),
(2018, 3, 833, '111120180022', 1, 261),
(2018, 3, 834, '111120180023', 2, 184),
(2018, 3, 834, '111120180025', 3, 151),
(2018, 3, 834, '111120180026', 1, 198),
(2018, 3, 834, '111120180028', 1, 130),
(2018, 3, 834, '111120180029', 1, 126),
(2018, 4, 841, '111120180001', 2, 360),
(2018, 4, 841, '111120180002', 3, 198),
(2018, 4, 841, '111120180004', 1, 455),
(2018, 4, 841, '111120180005', 1, 72),
(2018, 4, 842, '111120180007', 2, 351),
(2018, 4, 842, '111120180008', 3, 472),
(2018, 4, 842, '111120180010', 1, 137),
(2018, 4, 842, '111120180011', 1, 101),
(2018, 4, 843, '111120180016', 2, 426),
(2018, 4, 843, '111120180017', 3, 455),
(2018, 4, 843, '111120180019', 1, 26),
(2018, 4, 843, '111120180020', 1, 84),
(2018, 4, 844, '111120180022', 2, 151),
(2018, 4, 844, '111120180023', 3, 342),
(2018, 4, 844, '111120180025', 1, 98),
(2018, 4, 844, '111120180026', 1, 55),
(2018, 5, 850, '111120180001', 1, 419),
(2018, 5, 851, '111120180002', 1, 437),
(2018, 5, 852, '111120180004', 1, 402),
(2018, 5, 853, '111120180007', 1, 445),
(2018, 5, 854, '111120180008', 1, 149),
(2018, 5, 855, '111120180010', 1, 400),
(2018, 5, 856, '111120180016', 1, 251),
(2018, 5, 857, '111120180017', 1, 70),
(2018, 5, 858, '111120180022', 1, 13),
(2018, 5, 859, '111120180023', 1, 277),
(2018, 5, 860, '111120180001', 2, NULL),
(2018, 5, 860, '111120180002', 3, NULL),
(2018, 5, 860, '111120180004', 1, NULL),
(2018, 5, 860, '111120180007', 1, NULL),
(2018, 5, 860, '111120180008', 1, NULL),
(2018, 5, 861, '111120180010', 2, NULL),
(2018, 5, 861, '111120180016', 3, NULL),
(2018, 5, 861, '111120180017', 1, NULL),
(2018, 5, 861, '111120180022', 1, NULL),
(2018, 5, 861, '111120180023', 1, NULL);

-- --------------------------------------------------------

--
-- Table structure for table `system_info`
--

CREATE TABLE `system_info` (
  `id` int(30) NOT NULL,
  `meta_field` text NOT NULL,
  `meta_value` text NOT NULL
) ENGINE=InnoDB DEFAULT CHARSET=utf8mb4;

--
-- Dumping data for table `system_info`
--

INSERT INTO `system_info` (`id`, `meta_field`, `meta_value`) VALUES
(1, 'name', ''),
(6, 'short_name', 'BKast'),
(11, 'logo', 'uploads/VFRESH.png'),
(13, 'user_avatar', 'uploads/user_avatar.jpg'),
(14, 'cover', 'uploads/banner_img2.jpg'),
(15, 'small_logo', 'uploads/sheaf-of-rice.png'),
(16, 'banner', 'please give us the bezt score you have');

-- --------------------------------------------------------

--
-- Table structure for table `themesong`
--

CREATE TABLE `themesong` (
  `Song_ID` varchar(5) NOT NULL
) ENGINE=InnoDB DEFAULT CHARSET=utf8mb4;

--
-- Dumping data for table `themesong`
--

INSERT INTO `themesong` (`Song_ID`) VALUES
('S001'),
('S002');

-- --------------------------------------------------------

--
-- Table structure for table `trainee`
--

CREATE TABLE `trainee` (
  `Ssn` decimal(12,0) NOT NULL,
  `DoB` date DEFAULT NULL,
  `Photo` varchar(2083) DEFAULT NULL,
  `Company_ID` char(4) DEFAULT NULL
) ENGINE=InnoDB DEFAULT CHARSET=utf8mb4;

--
-- Dumping data for table `trainee`
--

INSERT INTO `trainee` (`Ssn`, `DoB`, `Photo`, `Company_ID`) VALUES
('111120180001', '1998-02-11', 'uploads/5.png', 'C100'),
('111120180002', '1999-10-23', 'uploads/5.png', 'C101'),
('111120180003', '1985-05-07', 'uploads/5.png', 'C102'),
('111120180004', '2002-10-07', 'uploads/5.png', 'C103'),
('111120180005', '1997-02-11', 'uploads/5.png', 'NULL'),
('111120180006', '1996-03-12', 'uploads/5.png', 'C100'),
('111120180007', '1995-04-11', 'uploads/5.png', 'C101'),
('111120180008', '1994-05-10', 'uploads/5.png', 'C102'),
('111120180009', '1993-06-08', 'uploads/5.png', 'C103'),
('111120180010', '1992-07-07', 'uploads/5.png', 'NULL'),
('111120180011', '1991-08-06', 'uploads/5.png', 'C100'),
('111120180012', '1990-09-04', 'uploads/5.png', 'C101'),
('111120180013', '1989-10-03', 'uploads/5.png', 'C102'),
('111120180014', '1988-11-01', 'uploads/5.png', 'C103'),
('111120180015', '1987-12-01', 'uploads/5.png', 'NULL'),
('111120180016', '1986-12-30', 'uploads/5.png', 'C100'),
('111120180017', '1998-02-11', 'uploads/5.png', 'C101'),
('111120180018', '1999-10-23', 'uploads/5.png', 'C102'),
('111120180019', '1985-05-07', 'uploads/5.png', 'C103'),
('111120180020', '2002-10-07', 'uploads/5.png', 'NULL'),
('111120180021', '1997-02-11', 'uploads/5.png', 'C100'),
('111120180022', '1996-03-12', 'uploads/5.png', 'C101'),
('111120180023', '1995-04-11', 'uploads/5.png', 'C102'),
('111120180024', '1994-05-10', 'uploads/5.png', 'C103'),
('111120180025', '1993-06-08', 'uploads/5.png', 'NULL'),
('111120180026', '1992-07-07', 'uploads/5.png', 'C100'),
('111120180027', '1991-08-06', 'uploads/5.png', 'C101'),
('111120180028', '1990-09-04', 'uploads/5.png', 'C102'),
('111120180029', '1989-10-03', 'uploads/5.png', 'C103'),
('111120180030', '1988-11-01', 'uploads/5.png', 'NULL'),
('111120180031', '1989-10-04', 'uploads/5.png', 'C100'),
('111120180032', '1988-11-02', 'uploads/5.png', 'C101'),
('111120180033', '1989-10-05', 'uploads/5.png', 'C102'),
('111120180034', '1988-11-03', 'uploads/5.png', 'C103'),
('111120180035', '1989-10-06', 'uploads/5.png', 'NULL'),
('111120180036', '1988-11-04', 'uploads/5.png', 'C100'),
('111120180037', '1989-10-07', 'uploads/5.png', 'C101'),
('111120180038', '1988-11-05', 'uploads/5.png', 'C102'),
('111120180039', '1989-10-08', 'uploads/5.png', 'C103'),
('111120180040', '1988-11-06', 'uploads/5.png', 'NULL'),
('111120190001', '1987-12-01', 'uploads/5.png', 'C100'),
('111120190002', '1986-12-30', 'uploads/5.png', 'C101'),
('111120190003', '1998-02-11', 'uploads/5.png', 'C102'),
('111120190004', '1999-10-23', 'uploads/5.png', 'C103'),
('111120190005', '1985-05-07', 'uploads/5.png', 'NULL'),
('111120190006', '2002-10-07', 'uploads/5.png', 'C100'),
('111120190007', '1997-02-11', 'uploads/5.png', 'C101'),
('111120190008', '1996-03-12', 'uploads/5.png', 'C102'),
('111120190009', '1995-04-11', 'uploads/5.png', 'C103'),
('111120190010', '1994-05-10', 'uploads/5.png', 'NULL'),
('111120190011', '1993-06-08', 'uploads/5.png', 'C100'),
('111120190012', '1992-07-07', 'uploads/5.png', 'C101'),
('111120190013', '1991-08-06', 'uploads/5.png', 'C102'),
('111120190014', '1990-09-04', 'uploads/5.png', 'C103'),
('111120190015', '1989-10-03', 'uploads/5.png', 'NULL'),
('111120190016', '1988-11-01', 'uploads/5.png', 'C100'),
('111120190017', '1987-12-01', 'uploads/5.png', 'C101'),
('111120190018', '1986-12-30', 'uploads/5.png', 'C102'),
('111120190019', '1998-02-11', 'uploads/5.png', 'C103'),
('111120190020', '1999-10-23', 'uploads/5.png', 'NULL'),
('111120190021', '1985-05-07', 'uploads/5.png', 'C100'),
('111120190022', '2002-10-07', 'uploads/5.png', 'C101'),
('111120190023', '1997-02-11', 'uploads/5.png', 'C102'),
('111120190024', '1996-03-12', 'uploads/5.png', 'C103'),
('111120190025', '1995-04-11', 'uploads/5.png', 'NULL'),
('111120190026', '1994-05-10', 'uploads/5.png', 'C100'),
('111120190027', '1993-06-08', 'uploads/5.png', 'C101'),
('111120190028', '1992-07-07', 'uploads/5.png', 'C102'),
('111120190029', '1991-08-06', 'uploads/5.png', 'C103'),
('111120190030', '1990-09-04', 'uploads/5.png', 'NULL'),
('111120190031', '1991-08-07', 'uploads/5.png', 'C100'),
('111120190032', '1990-09-05', 'uploads/5.png', 'C101'),
('111120190033', '1991-08-08', 'uploads/5.png', 'C102'),
('111120190034', '1990-09-06', 'uploads/5.png', 'C103'),
('111120190035', '1991-08-09', 'uploads/5.png', 'NULL'),
('111120190036', '1990-09-07', 'uploads/5.png', 'C100'),
('111120190037', '1991-08-10', 'uploads/5.png', 'C101'),
('111120190038', '1990-09-08', 'uploads/5.png', 'C102'),
('111120190039', '1991-08-11', 'uploads/5.png', 'C103'),
('111120190040', '1990-09-09', 'uploads/5.png', 'NULL');

-- --------------------------------------------------------

--
-- Table structure for table `vendor_list`
--

CREATE TABLE `vendor_list` (
  `id` int(30) NOT NULL,
  `code` varchar(100) NOT NULL,
  `name` text NOT NULL,
  `contact` text NOT NULL,
  `email` text DEFAULT NULL,
  `username` text NOT NULL,
  `password` text NOT NULL,
  `avatar` text DEFAULT NULL,
  `status` tinyint(1) NOT NULL DEFAULT 1,
  `delete_flag` tinyint(1) NOT NULL DEFAULT 0,
  `date_created` datetime NOT NULL DEFAULT current_timestamp(),
  `date_updated` datetime DEFAULT NULL ON UPDATE current_timestamp()
) ENGINE=InnoDB DEFAULT CHARSET=utf8mb4;

--
-- Dumping data for table `vendor_list`
--

INSERT INTO `vendor_list` (`id`, `code`, `name`, `contact`, `email`, `username`, `password`, `avatar`, `status`, `delete_flag`, `date_created`, `date_updated`) VALUES
(5, '202210-00001', 'sManager', '0912345678', 'nghia.maiemches@hcmut.edu.vn', 'sManager', '6f253286e4e82bcc67d95a527bd5ffc4', 'uploads/vendors/5.png?v=1666107634', 1, 0, '2022-10-14 18:40:27', '2022-10-18 22:40:34');

--
-- Indexes for dumped tables
--

--
-- Indexes for table `company`
--
ALTER TABLE `company`
  ADD PRIMARY KEY (`Cnumber`),
  ADD UNIQUE KEY `Phone` (`Phone`);

--
-- Indexes for table `episode`
--
ALTER TABLE `episode`
  ADD PRIMARY KEY (`Syear`,`Ep_No`);

--
-- Indexes for table `ggroup`
--
ALTER TABLE `ggroup`
  ADD PRIMARY KEY (`Gname`),
  ADD KEY `Guest_ID` (`Guest_ID`);

--
-- Indexes for table `groupsignaturesong`
--
ALTER TABLE `groupsignaturesong`
  ADD PRIMARY KEY (`Gname`,`Song_name`);

--
-- Indexes for table `guestsupportstage`
--
ALTER TABLE `guestsupportstage`
  ADD PRIMARY KEY (`Syear`,`Ep_No`,`Stage_No`),
  ADD KEY `Guest_ID` (`Guest_ID`);

--
-- Indexes for table `invitedguest`
--
ALTER TABLE `invitedguest`
  ADD PRIMARY KEY (`Guest_ID`);

--
-- Indexes for table `mc`
--
ALTER TABLE `mc`
  ADD PRIMARY KEY (`Ssn`);

--
-- Indexes for table `mentor`
--
ALTER TABLE `mentor`
  ADD PRIMARY KEY (`Ssn`);

--
-- Indexes for table `mentorvaluatetrainee`
--
ALTER TABLE `mentorvaluatetrainee`
  ADD PRIMARY KEY (`Syear`,`Ssn_mentor`,`Ssn_trainee`),
  ADD KEY `Ssn_trainee` (`Ssn_trainee`),
  ADD KEY `Ssn_mentor` (`Ssn_mentor`);

--
-- Indexes for table `person`
--
ALTER TABLE `person`
  ADD PRIMARY KEY (`Ssn`),
  ADD UNIQUE KEY `Phone` (`Phone`);

--
-- Indexes for table `producer`
--
ALTER TABLE `producer`
  ADD PRIMARY KEY (`Ssn`);

--
-- Indexes for table `producerprogram`
--
ALTER TABLE `producerprogram`
  ADD PRIMARY KEY (`Ssn`,`Program_name`);

--
-- Indexes for table `season`
--
ALTER TABLE `season`
  ADD PRIMARY KEY (`SYear`),
  ADD KEY `Themesong_ID` (`Themesong_ID`),
  ADD KEY `MC_Ssn` (`MC_Ssn`);

--
-- Indexes for table `seasonmentor`
--
ALTER TABLE `seasonmentor`
  ADD PRIMARY KEY (`Syear`,`Ssn_mentor`),
  ADD KEY `Ssn_mentor` (`Ssn_mentor`);

--
-- Indexes for table `seasontrainee`
--
ALTER TABLE `seasontrainee`
  ADD PRIMARY KEY (`Syear`,`Ssn_trainee`),
  ADD KEY `Ssn_trainee` (`Ssn_trainee`);

--
-- Indexes for table `singer`
--
ALTER TABLE `singer`
  ADD PRIMARY KEY (`Ssn`),
  ADD KEY `Guest_ID` (`Guest_ID`);

--
-- Indexes for table `singersignaturesong`
--
ALTER TABLE `singersignaturesong`
  ADD PRIMARY KEY (`Ssn`);

--
-- Indexes for table `song`
--
ALTER TABLE `song`
  ADD PRIMARY KEY (`Number`),
  ADD KEY `Singer_SSN_first_performed` (`Singer_SSN_first_performed`);

--
-- Indexes for table `songcomposedby`
--
ALTER TABLE `songcomposedby`
  ADD PRIMARY KEY (`Song_ID`,`Composer_Ssn`),
  ADD KEY `Composer_Ssn` (`Composer_Ssn`);

--
-- Indexes for table `songwriter`
--
ALTER TABLE `songwriter`
  ADD PRIMARY KEY (`Ssn`);

--
-- Indexes for table `song_sequecing`
--
ALTER TABLE `song_sequecing`
  ADD PRIMARY KEY (`Num`);

--
-- Indexes for table `stage`
--
ALTER TABLE `stage`
  ADD PRIMARY KEY (`Syear`,`Ep_No`,`Stage_No`),
  ADD KEY `Song_ID` (`Song_ID`);

--
-- Indexes for table `stageincludetrainee`
--
ALTER TABLE `stageincludetrainee`
  ADD PRIMARY KEY (`SYear`,`Ep_No`,`Stage_No`,`Ssn_trainee`),
  ADD KEY `Ssn_trainee` (`Ssn_trainee`);

--
-- Indexes for table `system_info`
--
ALTER TABLE `system_info`
  ADD PRIMARY KEY (`id`);

--
-- Indexes for table `themesong`
--
ALTER TABLE `themesong`
  ADD PRIMARY KEY (`Song_ID`);

--
-- Indexes for table `trainee`
--
ALTER TABLE `trainee`
  ADD PRIMARY KEY (`Ssn`),
  ADD KEY `Company_ID` (`Company_ID`);

--
-- Indexes for table `vendor_list`
--
ALTER TABLE `vendor_list`
  ADD PRIMARY KEY (`id`);

--
-- AUTO_INCREMENT for dumped tables
--

--
-- AUTO_INCREMENT for table `invitedguest`
--
ALTER TABLE `invitedguest`
  MODIFY `Guest_ID` int(11) NOT NULL AUTO_INCREMENT, AUTO_INCREMENT=9;

--
-- AUTO_INCREMENT for table `song_sequecing`
--
ALTER TABLE `song_sequecing`
  MODIFY `Num` int(11) NOT NULL AUTO_INCREMENT, AUTO_INCREMENT=11;

--
-- AUTO_INCREMENT for table `system_info`
--
ALTER TABLE `system_info`
  MODIFY `id` int(30) NOT NULL AUTO_INCREMENT, AUTO_INCREMENT=17;

--
-- AUTO_INCREMENT for table `vendor_list`
--
ALTER TABLE `vendor_list`
  MODIFY `id` int(30) NOT NULL AUTO_INCREMENT, AUTO_INCREMENT=6;

--
-- Constraints for dumped tables
--

--
-- Constraints for table `episode`
--
ALTER TABLE `episode`
  ADD CONSTRAINT `episode_ibfk_1` FOREIGN KEY (`Syear`) REFERENCES `season` (`SYear`) ON DELETE CASCADE;

--
-- Constraints for table `ggroup`
--
ALTER TABLE `ggroup`
  ADD CONSTRAINT `ggroup_ibfk_1` FOREIGN KEY (`Guest_ID`) REFERENCES `invitedguest` (`Guest_ID`) ON DELETE CASCADE;

--
-- Constraints for table `groupsignaturesong`
--
ALTER TABLE `groupsignaturesong`
  ADD CONSTRAINT `groupsignaturesong_ibfk_1` FOREIGN KEY (`Gname`) REFERENCES `ggroup` (`Gname`) ON DELETE CASCADE;

--
-- Constraints for table `guestsupportstage`
--
ALTER TABLE `guestsupportstage`
  ADD CONSTRAINT `guestsupportstage_ibfk_1` FOREIGN KEY (`Guest_ID`) REFERENCES `invitedguest` (`Guest_ID`) ON DELETE CASCADE,
  ADD CONSTRAINT `guestsupportstage_ibfk_2` FOREIGN KEY (`Syear`,`Ep_No`,`Stage_No`) REFERENCES `stage` (`Syear`, `Ep_No`, `Stage_No`) ON DELETE CASCADE;

--
-- Constraints for table `mc`
--
ALTER TABLE `mc`
  ADD CONSTRAINT `mc_ibfk_1` FOREIGN KEY (`Ssn`) REFERENCES `person` (`Ssn`) ON DELETE CASCADE;

--
-- Constraints for table `mentor`
--
ALTER TABLE `mentor`
  ADD CONSTRAINT `mentor_ibfk_1` FOREIGN KEY (`Ssn`) REFERENCES `person` (`Ssn`) ON DELETE CASCADE;

--
-- Constraints for table `mentorvaluatetrainee`
--
ALTER TABLE `mentorvaluatetrainee`
  ADD CONSTRAINT `mentorvaluatetrainee_ibfk_1` FOREIGN KEY (`Syear`) REFERENCES `season` (`SYear`) ON DELETE CASCADE,
  ADD CONSTRAINT `mentorvaluatetrainee_ibfk_2` FOREIGN KEY (`Ssn_trainee`) REFERENCES `trainee` (`Ssn`) ON DELETE CASCADE,
  ADD CONSTRAINT `mentorvaluatetrainee_ibfk_3` FOREIGN KEY (`Ssn_mentor`) REFERENCES `mentormentor` (`Ssn`) ON DELETE CASCADE;

--
-- Constraints for table `producer`
--
ALTER TABLE `producer`
  ADD CONSTRAINT `producer_ibfk_1` FOREIGN KEY (`Ssn`) REFERENCES `mentor` (`Ssn`) ON DELETE CASCADE;

--
-- Constraints for table `producerprogram`
--
ALTER TABLE `producerprogram`
  ADD CONSTRAINT `producerprogram_ibfk_1` FOREIGN KEY (`Ssn`) REFERENCES `producer` (`Ssn`) ON DELETE CASCADE;

--
-- Constraints for table `season`
--
ALTER TABLE `season`
  ADD CONSTRAINT `season_ibfk_1` FOREIGN KEY (`Themesong_ID`) REFERENCES `themesong` (`Song_ID`) ON DELETE SET NULL,
  ADD CONSTRAINT `season_ibfk_2` FOREIGN KEY (`MC_Ssn`) REFERENCES `mc` (`Ssn`) ON DELETE CASCADE;

--
-- Constraints for table `seasonmentor`
--
ALTER TABLE `seasonmentor`
  ADD CONSTRAINT `seasonmentor_ibfk_1` FOREIGN KEY (`Syear`) REFERENCES `season` (`SYear`) ON DELETE CASCADE,
  ADD CONSTRAINT `seasonmentor_ibfk_2` FOREIGN KEY (`Ssn_mentor`) REFERENCES `mentor` (`Ssn`) ON DELETE CASCADE;

--
-- Constraints for table `seasontrainee`
--
ALTER TABLE `seasontrainee`
  ADD CONSTRAINT `seasontrainee_ibfk_1` FOREIGN KEY (`Syear`) REFERENCES `season` (`SYear`) ON DELETE CASCADE,
  ADD CONSTRAINT `seasontrainee_ibfk_2` FOREIGN KEY (`Ssn_trainee`) REFERENCES `trainee` (`Ssn`) ON DELETE CASCADE;

--
-- Constraints for table `singer`
--
ALTER TABLE `singer`
  ADD CONSTRAINT `singer_ibfk_1` FOREIGN KEY (`Ssn`) REFERENCES `mentor` (`Ssn`),
  ADD CONSTRAINT `singer_ibfk_2` FOREIGN KEY (`Guest_ID`) REFERENCES `invitedguest` (`guest_ID`);

--
-- Constraints for table `singersignaturesong`
--
ALTER TABLE `singersignaturesong`
  ADD CONSTRAINT `singersignaturesong_ibfk_1` FOREIGN KEY (`Ssn`) REFERENCES `singer` (`Ssn`);

--
-- Constraints for table `song`
--
ALTER TABLE `song`
  ADD CONSTRAINT `song_ibfk_1` FOREIGN KEY (`Singer_SSN_first_performed`) REFERENCES `singer` (`Ssn`) ON DELETE SET NULL;

--
-- Constraints for table `songcomposedby`
--
ALTER TABLE `songcomposedby`
  ADD CONSTRAINT `songcomposedby_ibfk_1` FOREIGN KEY (`Song_ID`) REFERENCES `song` (`Number`),
  ADD CONSTRAINT `songcomposedby_ibfk_2` FOREIGN KEY (`Composer_Ssn`) REFERENCES `songwriter` (`Ssn`);

--
-- Constraints for table `songwriter`
--
ALTER TABLE `songwriter`
  ADD CONSTRAINT `songwriter_ibfk_1` FOREIGN KEY (`Ssn`) REFERENCES `mentor` (`Ssn`) ON DELETE CASCADE;

--
-- Constraints for table `stage`
--
ALTER TABLE `stage`
  ADD CONSTRAINT `stage_ibfk_1` FOREIGN KEY (`Syear`,`Ep_No`) REFERENCES `episode` (`Syear`, `Ep_No`) ON DELETE CASCADE,
  ADD CONSTRAINT `stage_ibfk_2` FOREIGN KEY (`Song_ID`) REFERENCES `song` (`Number`) ON DELETE CASCADE;

--
-- Constraints for table `stageincludetrainee`
--
ALTER TABLE `stageincludetrainee`
  ADD CONSTRAINT `stageincludetrainee_ibfk_1` FOREIGN KEY (`SYear`,`Ep_No`,`Stage_No`) REFERENCES `stage` (`Syear`, `Ep_No`, `Stage_No`) ON DELETE CASCADE,
  ADD CONSTRAINT `stageincludetrainee_ibfk_2` FOREIGN KEY (`Ssn_trainee`) REFERENCES `trainee` (`Ssn`) ON DELETE CASCADE;

--
-- Constraints for table `themesong`
--
ALTER TABLE `themesong`
  ADD CONSTRAINT `themesong_ibfk_1` FOREIGN KEY (`Song_ID`) REFERENCES `song` (`Number`) ON DELETE CASCADE;

--
-- Constraints for table `trainee`
--
ALTER TABLE `trainee`
  ADD CONSTRAINT `trainee_ibfk_1` FOREIGN KEY (`Ssn`) REFERENCES `person` (`Ssn`) ON DELETE CASCADE,
  ADD CONSTRAINT `trainee_ibfk_2` FOREIGN KEY (`Company_ID`) REFERENCES `company` (`Cnumber`) ON DELETE SET NULL;
COMMIT;

/*!40101 SET CHARACTER_SET_CLIENT=@OLD_CHARACTER_SET_CLIENT */;
/*!40101 SET CHARACTER_SET_RESULTS=@OLD_CHARACTER_SET_RESULTS */;
/*!40101 SET COLLATION_CONNECTION=@OLD_COLLATION_CONNECTION */;
