
-- Company --
INSERT INTO COMPANY VALUES
("C100","Ghost","Dien Bien Phu Street, District 10, HCMC",08361869275,'1992-08-19'),
("C101","Ancient ","Nguyen Van Khoi Street, District Go Vap, HCMC",01285102784,'1978-03-24'),
("C102","Deviant","Ly Thai To Street, District 10, HCMC",09768256719,'1984-06-13'),
("C103","Asgard","Bui Thi Xuan Street, District 1, HCMC",03958269132,'2000-11-05');

-- Person --
INSERT INTO Person VALUES
(111120180001,"Johnny","Dang","Dong Van Cong Street, District 2, HCMC",0354887693),
(111120180002,"Luon","Vuituoi","Cong Quynh Street, District 1, HCMC",0354887694),
(111120180003,"Leo","Nguyen","Ly Thuong Kiet Street, District 10, HCMC",0354887695),
(111120180004,"Daniel","Wellington","Ky Con Street, District 1, HCMC",0354887696),
(111120180005,"Julliet","Johnson","Tran Hung Dao Street, District 1, HCMC",0354887697),
(111120180006,"Romeo","Smith","Tran Dinh Xu Street, District 1, HCMC",0354887698),
(111120180007,"Walter","White","Le Loi Street, District 1, HCMC",0354887699),
(111120180008,"Don","Brown","Nguyen Hue Street, District 1, HCMC",0354887700),
(111120180009,"Boba","Green","Tran Hung Dao Street, District 5, HCMC",0354887701),
(111120180010,"Samael","Morning","Ho Hao Hon Street, District 1, HCMC",0354887702),
(111120180011,"Lucifer","Morningstar","Le Lai Street, District 1, HCMC",0354887703),
(111120180012,"Don","Chisao","Nguyen Du Street, District 1, HCMC",0354887704),
(111120180013,"Tom","Vecna","Tran Hung Dao Street, District 1, HCMC",0354887705),
(111120180014,"Jerry","Peterson","Tran Dinh Xu Street, District 1, HCMC",0354887706),
(111120180015,"Sam","Waltersom","Le Loi Street, District 1, HCMC",0354887707),
(111120180016,"Ching","Sunat","Nguyen Hue Street, District 1, HCMC",0354887708),
(111120180017,"Sinat","San","Tran Hung Dao Street, District 5, HCMC",0354887709),
(111120180018,"Mohamale","Christ","Ho Hao Hon Street, District 1, HCMC",0354887710),
(111120180019,"John","Smith","Le Lai Street, District 1, HCMC",0354887711),
(111120180020,"Dat","Tran","Nguyen Du Street, District 1, HCMC",0354887712),
(111120180021,"Khoa","Nguyen","Dong Van Cong Street, District 2, HCMC",0354887713),
(111120180022,"Minh","Tran","Cong Quynh Street, District 1, HCMC",0354887714),
(111120180023,"Thien","Ly","Ly Thuong Kiet Street, District 10, HCMC",0354887715),
(111120180024,"Nguyen","Le","Ky Con Street, District 1, HCMC",0354887716),
(111120180025,"Nghia","Dinh","Tran Hung Dao Street, District 1, HCMC",0354887717),
(111120180026,"Hao","Mai","Tran Dinh Xu Street, District 1, HCMC",0354887718),
(111120180027,"Ron","Wesley","Le Loi Street, District 1, HCMC",0354887719),
(111120180028,"Emma","Watson","Nguyen Hue Street, District 1, HCMC",0354887720),
(111120180029,"Harry","Stone","Tran Hung Dao Street, District 5, HCMC",0354887721),
(111120180030,"Charles","Tree","Ho Hao Hon Street, District 1, HCMC",0354887722),
(111120180031,"Sam","Leaf","Dong Van Cong Street, District 2, HCMC",0354888822),
(111120180032,"Ching","Ly","Cong Quynh Street, District 1, HCMC",0354888823),
(111120180033,"Sinat","Pham","Ly Thuong Kiet Street, District 10, HCMC",0354888824),
(111120180034,"Mohamale","John","Ky Con Street, District 1, HCMC",0354888825),
(111120180035,"John","Robert","Tran Hung Dao Street, District 1, HCMC",0354888826),
(111120180036,"Dat","Michael","Tran Dinh Xu Street, District 1, HCMC",0354888827),
(111120180037,"Khoa","William","Le Loi Street, District 1, HCMC",0354888828),
(111120180038,"Minh","David","Ly Thuong Kiet Street, District 10, HCMC",0354888829),
(111120180039,"Thien","Richard","Ky Con Street, District 1, HCMC",0354888830),
(111120180040,"Nguyen","Joseph","Tran Hung Dao Street, District 1, HCMC",0354888831),
(111120190001,"Ella","Ice","Le Lai Street, District 1, HCMC",0354887723),
(111120190002,"Ellizabeth","Queenie","Nguyen Du Street, District 1, HCMC",0354887724),
(111120190003,"Jane","Root","Tran Hung Dao Street, District 1, HCMC",0354887725),
(111120190004,"Ngan","Roof","Tran Dinh Xu Street, District 1, HCMC",0354887726),
(111120190005,"Thuy","Phan","Le Loi Street, District 1, HCMC",0354887727),
(111120190006,"Duy","Tham","Nguyen Hue Street, District 1, HCMC",0354887728),
(111120190007,"Tri","Leaf","Tran Hung Dao Street, District 5, HCMC",0354887729),
(111120190008,"Hieu","Ly","Ho Hao Hon Street, District 1, HCMC",0354887730),
(111120190009,"Hoa","Pham","Le Lai Street, District 1, HCMC",0354887731),
(111120190010,"Teo","John","Dong Van Cong Street, District 2, HCMC",0354887732),
(111120190011,"Ti","Robert","Cong Quynh Street, District 1, HCMC",0354887733),
(111120190012,"Tan","Michael","Ly Thuong Kiet Street, District 10, HCMC",0354887734),
(111120190013,"Tai","William","Ky Con Street, District 1, HCMC",0354887735),
(111120190014,"Chuong","David","Tran Hung Dao Street, District 1, HCMC",0354887736),
(111120190015,"Vy","Richard","Tran Dinh Xu Street, District 1, HCMC",0354887737),
(111120190016,"Nam","Joseph","Le Loi Street, District 1, HCMC",0354887738),
(111120190017,"Quan","Charles","Nguyen Hue Street, District 1, HCMC",0354887739),
(111120190018,"Sang","Thomas","Tran Hung Dao Street, District 5, HCMC",0354887740),
(111120190019,"Chieu","Ti","Ho Hao Hon Street, District 1, HCMC",0354887741),
(111120190020,"Toi","Tan","Le Lai Street, District 1, HCMC",0354887742),
(111120190021,"Khuya","Tai","Nguyen Du Street, District 1, HCMC",0354887743),
(111120190022,"Jacob","Chuong","Tran Hung Dao Street, District 1, HCMC",0354887744),
(111120190023,"Oliver","Jake","Tran Dinh Xu Street, District 1, HCMC",0354887745),
(111120190024,"John","Jack","Le Loi Street, District 1, HCMC",0354887746),
(111120190025,"Robert","Harry","Nguyen Hue Street, District 1, HCMC",0354887747),
(111120190026,"Michael","Jacob","Tran Hung Dao Street, District 5, HCMC",0354887748),
(111120190027,"William","Charlie","Ho Hao Hon Street, District 1, HCMC",0354887749),
(111120190028,"David","Thomas","Le Lai Street, District 1, HCMC",0354887750),
(111120190029,"Richard","George","Nguyen Du Street, District 1, HCMC",0354887751),
(111120190030,"Joseph","Oscar","Dong Van Cong Street, District 2, HCMC",0354887752),
(111120190031,"Oliver","Jake","Ho Hao Hon Street, District 1, HCMC",0354888853),
(111120190032,"John","Jack","Le Loi Street, District 1, HCMC",0354888854),
(111120190033,"Robert","Harry","Tran Hung Dao Street, District 1, HCMC",0354888855),
(111120190034,"Michael","Jacob","Tran Dinh Xu Street, District 1, HCMC",0354888856),
(111120190035,"Ti","Charlie","Le Loi Street, District 1, HCMC",0354888857),
(111120190036,"Tan","Thomas","Nguyen Hue Street, District 1, HCMC",0354888858),
(111120190037,"Tai","George","Tran Dinh Xu Street, District 1, HCMC",0354888859),
(111120190038,"Charles","Chieu","Le Loi Street, District 1, HCMC",0354888860),
(111120190039,"Thomas","Toi","Nguyen Hue Street, District 1, HCMC",0354888861),
(111120190040,"Ti","Khuya","Le Lai Street, District 1, HCMC",0354888862),
(222220180001,"Charles","James","Cong Quynh Street, District 1, HCMC",0354887753),
(222220180002,"Thomas","William","Ly Thuong Kiet Street, District 10, HCMC",0354887754),
(222220180003,"Margaret","Emma","Le Lai Street, District 1, HCMC",0354887755),
(222220180004,"Olivia","Samantha","Nguyen Du Street, District 1, HCMC",0354887756),
(222220190001,"Isla","Bethany","Tran Hung Dao Street, District 1, HCMC",0354887757),
(222220190002,"Emily","Elizabeth","Tran Dinh Xu Street, District 1, HCMC",0354887758),
(222220190003,"Poppy","Joanne","Le Loi Street, District 1, HCMC",0354887759),
(222220190004,"Ava","Megan","Nguyen Hue Street, District 1, HCMC",0354887760),
(333320180001,"Patricia","Elizabeth","Tran Hung Dao Street, District 5, HCMC",0354887761),
(333320190001,"Jennifer","Linda","Ho Hao Hon Street, District 1, HCMC",0354887762);

-- Trainee --
INSERT INTO Trainee VALUES
(111120180001,'1998-02-11',"uploads/sheaf-of-rice.png","C100"),
(111120180002,'1999-10-23',"uploads/sheaf-of-rice.png","C101"),
(111120180003,'1985-05-07',"uploads/sheaf-of-rice.png","C102"),
(111120180004,'2002-10-07',"uploads/sheaf-of-rice.png","C103"),
(111120180005,'1997-02-11',"uploads/sheaf-of-rice.png","NULL"),
(111120180006,'1996-03-12',"uploads/sheaf-of-rice.png","C100"),
(111120180007,'1995-04-11',"uploads/sheaf-of-rice.png","C101"),
(111120180008,'1994-05-10',"uploads/sheaf-of-rice.png","C102"),
(111120180009,'1993-06-08',"uploads/sheaf-of-rice.png","C103"),
(111120180010,'1992-07-07',"uploads/sheaf-of-rice.png","NULL"),
(111120180011,'1991-08-06',"uploads/sheaf-of-rice.png","C100"),
(111120180012,'1990-09-04',"uploads/sheaf-of-rice.png","C101"),
(111120180013,'1989-10-03',"uploads/sheaf-of-rice.png","C102"),
(111120180014,'1988-11-01',"uploads/sheaf-of-rice.png","C103"),
(111120180015,'1987-12-01',"uploads/sheaf-of-rice.png","NULL"),
(111120180016,'1986-12-30',"uploads/sheaf-of-rice.png","C100"),
(111120180017,'1998-02-11',"uploads/sheaf-of-rice.png","C101"),
(111120180018,'1999-10-23',"uploads/sheaf-of-rice.png","C102"),
(111120180019,'1985-05-07',"uploads/sheaf-of-rice.png","C103"),
(111120180020,'2002-10-07',"uploads/sheaf-of-rice.png","NULL"),
(111120180021,'1997-02-11',"uploads/sheaf-of-rice.png","C100"),
(111120180022,'1996-03-12',"uploads/sheaf-of-rice.png","C101"),
(111120180023,'1995-04-11',"uploads/sheaf-of-rice.png","C102"),
(111120180024,'1994-05-10',"uploads/sheaf-of-rice.png","C103"),
(111120180025,'1993-06-08',"uploads/sheaf-of-rice.png","NULL"),
(111120180026,'1992-07-07',"uploads/sheaf-of-rice.png","C100"),
(111120180027,'1991-08-06',"uploads/sheaf-of-rice.png","C101"),
(111120180028,'1990-09-04',"uploads/sheaf-of-rice.png","C102"),
(111120180029,'1989-10-03',"uploads/sheaf-of-rice.png","C103"),
(111120180030,'1988-11-01',"uploads/sheaf-of-rice.png","NULL"),
(111120180031,'1989-10-04',"uploads/sheaf-of-rice.png","C100"),
(111120180032,'1988-11-02',"uploads/sheaf-of-rice.png","C101"),
(111120180033,'1989-10-05',"uploads/sheaf-of-rice.png","C102"),
(111120180034,'1988-11-03',"uploads/sheaf-of-rice.png","C103"),
(111120180035,'1989-10-06',"uploads/sheaf-of-rice.png","NULL"),
(111120180036,'1988-11-04',"uploads/sheaf-of-rice.png","C100"),
(111120180037,'1989-10-07',"uploads/sheaf-of-rice.png","C101"),
(111120180038,'1988-11-05',"uploads/sheaf-of-rice.png","C102"),
(111120180039,'1989-10-08',"uploads/sheaf-of-rice.png","C103"),
(111120180040,'1988-11-06',"uploads/sheaf-of-rice.png","NULL"),
(111120190001,'1987-12-01',"uploads/sheaf-of-rice.png","C100"),
(111120190002,'1986-12-30',"uploads/sheaf-of-rice.png","C101"),
(111120190003,'1998-02-11',"uploads/sheaf-of-rice.png","C102"),
(111120190004,'1999-10-23',"uploads/sheaf-of-rice.png","C103"),
(111120190005,'1985-05-07',"uploads/sheaf-of-rice.png","NULL"),
(111120190006,'2002-10-07',"uploads/sheaf-of-rice.png","C100"),
(111120190007,'1997-02-11',"uploads/sheaf-of-rice.png","C101"),
(111120190008,'1996-03-12',"uploads/sheaf-of-rice.png","C102"),
(111120190009,'1995-04-11',"uploads/sheaf-of-rice.png","C103"),
(111120190010,'1994-05-10',"uploads/sheaf-of-rice.png","NULL"),
(111120190011,'1993-06-08',"uploads/sheaf-of-rice.png","C100"),
(111120190012,'1992-07-07',"uploads/sheaf-of-rice.png","C101"),
(111120190013,'1991-08-06',"uploads/sheaf-of-rice.png","C102"),
(111120190014,'1990-09-04',"uploads/sheaf-of-rice.png","C103"),
(111120190015,'1989-10-03',"uploads/sheaf-of-rice.png","NULL"),
(111120190016,'1988-11-01',"uploads/sheaf-of-rice.png","C100"),
(111120190017,'1987-12-01',"uploads/sheaf-of-rice.png","C101"),
(111120190018,'1986-12-30',"uploads/sheaf-of-rice.png","C102"),
(111120190019,'1998-02-11',"uploads/sheaf-of-rice.png","C103"),
(111120190020,'1999-10-23',"uploads/sheaf-of-rice.png","NULL"),
(111120190021,'1985-05-07',"uploads/sheaf-of-rice.png","C100"),
(111120190022,'2002-10-07',"uploads/sheaf-of-rice.png","C101"),
(111120190023,'1997-02-11',"uploads/sheaf-of-rice.png","C102"),
(111120190024,'1996-03-12',"uploads/sheaf-of-rice.png","C103"),
(111120190025,'1995-04-11',"uploads/sheaf-of-rice.png","NULL"),
(111120190026,'1994-05-10',"uploads/sheaf-of-rice.png","C100"),
(111120190027,'1993-06-08',"uploads/sheaf-of-rice.png","C101"),
(111120190028,'1992-07-07',"uploads/sheaf-of-rice.png","C102"),
(111120190029,'1991-08-06',"uploads/sheaf-of-rice.png","C103"),
(111120190030,'1990-09-04',"uploads/sheaf-of-rice.png","NULL"),
(111120190031,'1991-08-07',"uploads/sheaf-of-rice.png","C100"),
(111120190032,'1990-09-05',"uploads/sheaf-of-rice.png","C101"),
(111120190033,'1991-08-08',"uploads/sheaf-of-rice.png","C102"),
(111120190034,'1990-09-06',"uploads/sheaf-of-rice.png","C103"),
(111120190035,'1991-08-09',"uploads/sheaf-of-rice.png","NULL"),
(111120190036,'1990-09-07',"uploads/sheaf-of-rice.png","C100"),
(111120190037,'1991-08-10',"uploads/sheaf-of-rice.png","C101"),
(111120190038,'1990-09-08',"uploads/sheaf-of-rice.png","C102"),
(111120190039,'1991-08-11',"uploads/sheaf-of-rice.png","C103"),
(111120190040,'1990-09-09',"uploads/sheaf-of-rice.png","NULL");

-- MC --
INSERT INTO MC VALUES
(333320180001),
(333320190001),
(111120180022),
(111120180023);

-- Mentor --
INSERT INTO Mentor VALUES
(222220180001),
(222220180002),
(222220180003),
(222220180004),
(222220190001),
(222220190002),
(222220190003),
(222220190004);

-- Song --
INSERT INTO Song (Released_year, Name, Singer_SSN_first_performed ) VALUES
(2018,'Themesong 2018',NULL),
(2019,'Themesong 2019',NULL),
(2018,'Perfect',NULL),
(2020,'Intentions',222220180001),
(2010,'Misery',222220180002),
(2015,'Lean On',222220180003),
(1999,'Unstoppable',NULL),
(2000,'Data',NULL),
(2001,'Sensitive',NULL),
(2002,'Happy birthday to you',NULL);

-- Themesong --
INSERT INTO ThemeSong VALUES
('S001'),
('S002');

-- SongComposedBy --
INSERT INTO SongComposedBy VALUES
('S001',222220190001),
('S002',222220190002),
('S003',222220190003),
('S004',222220190001),
('S005',222220190002),
('S006',222220190003);

-- Singer --
INSERT INTO Singer VALUES
(222220180001,1),
(222220180002,2),
(222220180003,NULL);

-- SingerSignatureSong --
INSERT INTO SingerSignatureSong VALUES
(222220180001,'Hello'),
(222220180002,'I believe I can fly'),
(222220180003,'The Earth');

-- Producer --
INSERT INTO Producer VALUES
(222220180004),
(222220190004);

-- ProducerProgram --
INSERT INTO ProducerProgram VALUES
(222220180004,'LoveYou3000'),
(222220180004,'Dark Pictures'),
(222220190004,'Mementos'),
(222220190004,'Persona ');

-- SongWriter --
INSERT INTO SongWriter VALUES
(222220190001),
(222220190002),
(222220190003);

-- Season --
INSERT INTO Season VALUES
(2018,'Hanoi','S001',333320180001),
(2019,'HCMC','S002',333320190001);

-- SeasonMentor --
INSERT INTO SeasonMentor VALUES
('2018',222220180001),
('2018',222220180002),
('2018',222220180003),
('2018',222220180004),
('2019',222220190001),
('2019',222220190002),
('2019',222220190003),
('2019',222220190004);

-- SeansonTrainee --
INSERT INTO SeasonTrainee VALUES
('2018',111120180001),
('2018',111120180002),
('2018',111120180003),
('2018',111120180004),
('2018',111120180005),
('2018',111120180006),
('2018',111120180007),
('2018',111120180008),
('2018',111120180009),
('2018',111120180010),
('2018',111120180011),
('2018',111120180012),
('2018',111120180013),
('2018',111120180014),
('2018',111120180015),
('2018',111120180016),
('2018',111120180017),
('2018',111120180018),
('2018',111120180019),
('2018',111120180020),
('2018',111120180021),
('2018',111120180022),
('2018',111120180023),
('2018',111120180024),
('2018',111120180025),
('2018',111120180026),
('2018',111120180027),
('2018',111120180028),
('2018',111120180029),
('2018',111120180030),
('2018',111120180031),
('2018',111120180032),
('2018',111120180033),
('2018',111120180034),
('2018',111120180035),
('2018',111120180036),
('2018',111120180037),
('2018',111120180038),
('2018',111120180039),
('2018',111120180040),
('2019',111120190001),
('2019',111120190002),
('2019',111120190003),
('2019',111120190004),
('2019',111120190005),
('2019',111120190006),
('2019',111120190007),
('2019',111120190008),
('2019',111120190009),
('2019',111120190010),
('2019',111120190011),
('2019',111120190012),
('2019',111120190013),
('2019',111120190014),
('2019',111120190015),
('2019',111120190016),
('2019',111120190017),
('2019',111120190018),
('2019',111120190019),
('2019',111120190020),
('2019',111120190021),
('2019',111120190022),
('2019',111120190023),
('2019',111120190024),
('2019',111120190025),
('2019',111120190026),
('2019',111120190027),
('2019',111120190028),
('2019',111120190029),
('2019',111120190030),
('2019',111120190031),
('2019',111120190032),
('2019',111120190033),
('2019',111120190034),
('2019',111120190035),
('2019',111120190036),
('2019',111120190037),
('2019',111120190038),
('2019',111120190039),
('2019',111120190040),
('2019',111120180003),
('2019',111120180006),
('2019',111120180009),
('2019',111120180012),
('2019',111120180015),
('2019',111120180018),
('2019',111120180021),
('2019',111120180024),
('2019',111120180027),
('2019',111120180030),
('2019',111120180033),
('2019',111120180036),
('2019',111120180039);

-- MentorValuateTrainee --
INSERT INTO MentorValuateTrainee VALUES
('2018',111120180001,222220180001,20),
('2018',111120180002,222220180001,5),
('2018',111120180003,222220180001,78),
('2018',111120180004,222220180001,21),
('2018',111120180005,222220180001,43),
('2018',111120180006,222220180001,70),
('2018',111120180007,222220180001,21),
('2018',111120180008,222220180001,6),
('2018',111120180009,222220180001,61),
('2018',111120180010,222220180001,95),
('2018',111120180011,222220180001,12),
('2018',111120180012,222220180001,83),
('2018',111120180013,222220180001,37),
('2018',111120180014,222220180001,12),
('2018',111120180015,222220180001,89),
('2018',111120180016,222220180001,31),
('2018',111120180017,222220180001,99),
('2018',111120180018,222220180001,35),
('2018',111120180019,222220180001,65),
('2018',111120180020,222220180001,1),
('2018',111120180021,222220180001,46),
('2018',111120180022,222220180001,48),
('2018',111120180023,222220180001,78),
('2018',111120180024,222220180001,6),
('2018',111120180025,222220180001,63),
('2018',111120180026,222220180001,60),
('2018',111120180027,222220180001,96),
('2018',111120180028,222220180001,82),
('2018',111120180029,222220180001,2),
('2018',111120180030,222220180001,11),
('2018',111120180031,222220180001,0),
('2018',111120180032,222220180001,0),
('2018',111120180033,222220180001,0),
('2018',111120180034,222220180001,0),
('2018',111120180035,222220180001,0),
('2018',111120180036,222220180001,0),
('2018',111120180037,222220180001,0),
('2018',111120180038,222220180001,0),
('2018',111120180039,222220180001,0),
('2018',111120180040,222220180001,0),
('2018',111120180001,222220180002,73),
('2018',111120180002,222220180002,21),
('2018',111120180003,222220180002,14),
('2018',111120180004,222220180002,46),
('2018',111120180005,222220180002,30),
('2018',111120180006,222220180002,64),
('2018',111120180007,222220180002,47),
('2018',111120180008,222220180002,4),
('2018',111120180009,222220180002,32),
('2018',111120180010,222220180002,21),
('2018',111120180011,222220180002,9),
('2018',111120180012,222220180002,2),
('2018',111120180013,222220180002,74),
('2018',111120180014,222220180002,18),
('2018',111120180015,222220180002,81),
('2018',111120180016,222220180002,46),
('2018',111120180017,222220180002,9),
('2018',111120180018,222220180002,80),
('2018',111120180019,222220180002,38),
('2018',111120180020,222220180002,90),
('2018',111120180021,222220180002,53),
('2018',111120180022,222220180002,20),
('2018',111120180023,222220180002,73),
('2018',111120180024,222220180002,42),
('2018',111120180025,222220180002,66),
('2018',111120180026,222220180002,52),
('2018',111120180027,222220180002,46),
('2018',111120180028,222220180002,27),
('2018',111120180029,222220180002,68),
('2018',111120180030,222220180002,12),
('2018',111120180031,222220180002,0),
('2018',111120180032,222220180002,0),
('2018',111120180033,222220180002,0),
('2018',111120180034,222220180002,0),
('2018',111120180035,222220180002,0),
('2018',111120180036,222220180002,0),
('2018',111120180037,222220180002,0),
('2018',111120180038,222220180002,0),
('2018',111120180039,222220180002,0),
('2018',111120180040,222220180002,0),
('2018',111120180001,222220180003,91),
('2018',111120180002,222220180003,17),
('2018',111120180003,222220180003,33),
('2018',111120180004,222220180003,94),
('2018',111120180005,222220180003,48),
('2018',111120180006,222220180003,11),
('2018',111120180007,222220180003,55),
('2018',111120180008,222220180003,68),
('2018',111120180009,222220180003,44),
('2018',111120180010,222220180003,67),
('2018',111120180011,222220180003,81),
('2018',111120180012,222220180003,19),
('2018',111120180013,222220180003,98),
('2018',111120180014,222220180003,58),
('2018',111120180015,222220180003,89),
('2018',111120180016,222220180003,35),
('2018',111120180017,222220180003,39),
('2018',111120180018,222220180003,29),
('2018',111120180019,222220180003,2),
('2018',111120180020,222220180003,53),
('2018',111120180021,222220180003,72),
('2018',111120180022,222220180003,15),
('2018',111120180023,222220180003,92),
('2018',111120180024,222220180003,41),
('2018',111120180025,222220180003,0),
('2018',111120180026,222220180003,72),
('2018',111120180027,222220180003,6),
('2018',111120180028,222220180003,76),
('2018',111120180029,222220180003,82),
('2018',111120180030,222220180003,52),
('2018',111120180031,222220180003,0),
('2018',111120180032,222220180003,0),
('2018',111120180033,222220180003,0),
('2018',111120180034,222220180003,0),
('2018',111120180035,222220180003,0),
('2018',111120180036,222220180003,0),
('2018',111120180037,222220180003,0),
('2018',111120180038,222220180003,0),
('2018',111120180039,222220180003,0),
('2018',111120180040,222220180003,0),
('2018',111120180001,222220180004,10),
('2018',111120180002,222220180004,46),
('2018',111120180003,222220180004,1),
('2018',111120180004,222220180004,58),
('2018',111120180005,222220180004,87),
('2018',111120180006,222220180004,85),
('2018',111120180007,222220180004,28),
('2018',111120180008,222220180004,84),
('2018',111120180009,222220180004,83),
('2018',111120180010,222220180004,7),
('2018',111120180011,222220180004,3),
('2018',111120180012,222220180004,34),
('2018',111120180013,222220180004,18),
('2018',111120180014,222220180004,20),
('2018',111120180015,222220180004,49),
('2018',111120180016,222220180004,98),
('2018',111120180017,222220180004,13),
('2018',111120180018,222220180004,95),
('2018',111120180019,222220180004,4),
('2018',111120180020,222220180004,49),
('2018',111120180021,222220180004,77),
('2018',111120180022,222220180004,12),
('2018',111120180023,222220180004,35),
('2018',111120180024,222220180004,11),
('2018',111120180025,222220180004,24),
('2018',111120180026,222220180004,43),
('2018',111120180027,222220180004,49),
('2018',111120180028,222220180004,95),
('2018',111120180029,222220180004,5),
('2018',111120180030,222220180004,70),
('2018',111120180031,222220180004,0),
('2018',111120180032,222220180004,0),
('2018',111120180033,222220180004,0),
('2018',111120180034,222220180004,0),
('2018',111120180035,222220180004,0),
('2018',111120180036,222220180004,0),
('2018',111120180037,222220180004,0),
('2018',111120180038,222220180004,0),
('2018',111120180039,222220180004,0),
('2018',111120180040,222220180004,0),
('2019',111120190001,222220190001,55),
('2019',111120190002,222220190001,74),
('2019',111120190003,222220190001,66),
('2019',111120190004,222220190001,11),
('2019',111120190005,222220190001,93),
('2019',111120190006,222220190001,35),
('2019',111120190007,222220190001,57),
('2019',111120190008,222220190001,8),
('2019',111120190009,222220190001,44),
('2019',111120190010,222220190001,18),
('2019',111120190011,222220190001,68),
('2019',111120190012,222220190001,69),
('2019',111120190013,222220190001,9),
('2019',111120190014,222220190001,9),
('2019',111120190015,222220190001,74),
('2019',111120190016,222220190001,98),
('2019',111120190017,222220190001,81),
('2019',111120190018,222220190001,6),
('2019',111120190019,222220190001,64),
('2019',111120190020,222220190001,77),
('2019',111120190021,222220190001,60),
('2019',111120190022,222220190001,12),
('2019',111120190023,222220190001,24),
('2019',111120190024,222220190001,98),
('2019',111120190025,222220190001,32),
('2019',111120190026,222220190001,81),
('2019',111120190027,222220190001,72),
('2019',111120190028,222220190001,98),
('2019',111120190029,222220190001,65),
('2019',111120190030,222220190001,44),
('2019',111120190031,222220190001,88),
('2019',111120190032,222220190001,19),
('2019',111120190033,222220190001,79),
('2019',111120190034,222220190001,70),
('2019',111120190035,222220190001,60),
('2019',111120190036,222220190001,80),
('2019',111120190037,222220190001,56),
('2019',111120190038,222220190001,50),
('2019',111120190039,222220190001,16),
('2019',111120190040,222220190001,54),
('2019',111120190001,222220190002,77),
('2019',111120190002,222220190002,11),
('2019',111120190003,222220190002,11),
('2019',111120190004,222220190002,47),
('2019',111120190005,222220190002,39),
('2019',111120190006,222220190002,94),
('2019',111120190007,222220190002,66),
('2019',111120190008,222220190002,21),
('2019',111120190009,222220190002,53),
('2019',111120190010,222220190002,68),
('2019',111120190011,222220190002,3),
('2019',111120190012,222220190002,36),
('2019',111120190013,222220190002,83),
('2019',111120190014,222220190002,54),
('2019',111120190015,222220190002,81),
('2019',111120190016,222220190002,46),
('2019',111120190017,222220190002,47),
('2019',111120190018,222220190002,72),
('2019',111120190019,222220190002,5),
('2019',111120190020,222220190002,64),
('2019',111120190021,222220190002,92),
('2019',111120190022,222220190002,37),
('2019',111120190023,222220190002,83),
('2019',111120190024,222220190002,15),
('2019',111120190025,222220190002,27),
('2019',111120190026,222220190002,67),
('2019',111120190027,222220190002,3),
('2019',111120190028,222220190002,79),
('2019',111120190029,222220190002,74),
('2019',111120190030,222220190002,35),
('2019',111120190031,222220190002,32),
('2019',111120190032,222220190002,55),
('2019',111120190033,222220190002,29),
('2019',111120190034,222220190002,16),
('2019',111120190035,222220190002,80),
('2019',111120190036,222220190002,52),
('2019',111120190037,222220190002,1),
('2019',111120190038,222220190002,67),
('2019',111120190039,222220190002,77),
('2019',111120190040,222220190002,2),
('2019',111120190001,222220190003,4),
('2019',111120190002,222220190003,97),
('2019',111120190003,222220190003,17),
('2019',111120190004,222220190003,17),
('2019',111120190005,222220190003,22),
('2019',111120190006,222220190003,78),
('2019',111120190007,222220190003,82),
('2019',111120190008,222220190003,79),
('2019',111120190009,222220190003,84),
('2019',111120190010,222220190003,2),
('2019',111120190011,222220190003,20),
('2019',111120190012,222220190003,30),
('2019',111120190013,222220190003,80),
('2019',111120190014,222220190003,94),
('2019',111120190015,222220190003,27),
('2019',111120190016,222220190003,97),
('2019',111120190017,222220190003,77),
('2019',111120190018,222220190003,24),
('2019',111120190019,222220190003,37),
('2019',111120190020,222220190003,52),
('2019',111120190021,222220190003,39),
('2019',111120190022,222220190003,44),
('2019',111120190023,222220190003,18),
('2019',111120190024,222220190003,37),
('2019',111120190025,222220190003,81),
('2019',111120190026,222220190003,87),
('2019',111120190027,222220190003,58),
('2019',111120190028,222220190003,53),
('2019',111120190029,222220190003,33),
('2019',111120190030,222220190003,10),
('2019',111120190031,222220190003,14),
('2019',111120190032,222220190003,91),
('2019',111120190033,222220190003,53),
('2019',111120190034,222220190003,40),
('2019',111120190035,222220190003,19),
('2019',111120190036,222220190003,83),
('2019',111120190037,222220190003,82),
('2019',111120190038,222220190003,57),
('2019',111120190039,222220190003,11),
('2019',111120190040,222220190003,51),
('2019',111120190001,222220190004,81),
('2019',111120190002,222220190004,65),
('2019',111120190003,222220190004,14),
('2019',111120190004,222220190004,72),
('2019',111120190005,222220190004,29),
('2019',111120190006,222220190004,57),
('2019',111120190007,222220190004,9),
('2019',111120190008,222220190004,99),
('2019',111120190009,222220190004,52),
('2019',111120190010,222220190004,15),
('2019',111120190011,222220190004,19),
('2019',111120190012,222220190004,61),
('2019',111120190013,222220190004,20),
('2019',111120190014,222220190004,12),
('2019',111120190015,222220190004,58),
('2019',111120190016,222220190004,19),
('2019',111120190017,222220190004,3),
('2019',111120190018,222220190004,11),
('2019',111120190019,222220190004,71),
('2019',111120190020,222220190004,53),
('2019',111120190021,222220190004,13),
('2019',111120190022,222220190004,40),
('2019',111120190023,222220190004,55),
('2019',111120190024,222220190004,39),
('2019',111120190025,222220190004,10),
('2019',111120190026,222220190004,77),
('2019',111120190027,222220190004,56),
('2019',111120190028,222220190004,51),
('2019',111120190029,222220190004,74),
('2019',111120190030,222220190004,71),
('2019',111120190031,222220190004,48),
('2019',111120190032,222220190004,71),
('2019',111120190033,222220190004,35),
('2019',111120190034,222220190004,51),
('2019',111120190035,222220190004,5),
('2019',111120190036,222220190004,30),
('2019',111120190037,222220190004,29),
('2019',111120190038,222220190004,65),
('2019',111120190039,222220190004,69),
('2019',111120190040,222220190004,9),
('2019',111120180003,222220190001,54),
('2019',111120180006,222220190001,48),
('2019',111120180009,222220190001,88),
('2019',111120180012,222220190001,36),
('2019',111120180015,222220190001,68),
('2019',111120180018,222220190001,80),
('2019',111120180021,222220190001,82),
('2019',111120180024,222220190001,16),
('2019',111120180027,222220190001,26),
('2019',111120180030,222220190001,29),
('2019',111120180033,222220190001,60),
('2019',111120180036,222220190001,31),
('2019',111120180039,222220190001,93),
('2019',111120180003,222220190002,7),
('2019',111120180006,222220190002,43),
('2019',111120180009,222220190002,85),
('2019',111120180012,222220190002,82),
('2019',111120180015,222220190002,10),
('2019',111120180018,222220190002,22),
('2019',111120180021,222220190002,18),
('2019',111120180024,222220190002,88),
('2019',111120180027,222220190002,79),
('2019',111120180030,222220190002,98),
('2019',111120180033,222220190002,67),
('2019',111120180036,222220190002,28),
('2019',111120180039,222220190002,26),
('2019',111120180003,222220190003,67),
('2019',111120180006,222220190003,18),
('2019',111120180009,222220190003,58),
('2019',111120180012,222220190003,11),
('2019',111120180015,222220190003,62),
('2019',111120180018,222220190003,15),
('2019',111120180021,222220190003,19),
('2019',111120180024,222220190003,26),
('2019',111120180027,222220190003,31),
('2019',111120180030,222220190003,74),
('2019',111120180033,222220190003,33),
('2019',111120180036,222220190003,31),
('2019',111120180039,222220190003,59),
('2019',111120180003,222220190004,66),
('2019',111120180006,222220190004,22),
('2019',111120180009,222220190004,59),
('2019',111120180012,222220190004,1),
('2019',111120180015,222220190004,15),
('2019',111120180018,222220190004,51),
('2019',111120180021,222220190004,20),
('2019',111120180024,222220190004,17),
('2019',111120180027,222220190004,55),
('2019',111120180030,222220190004,83),
('2019',111120180033,222220190004,87),
('2019',111120180036,222220190004,5),
('2019',111120180039,222220190004,5);

-- Episode --
INSERT INTO Episode VALUES
('2018',1,"2018_ep1",'2018-01-11 19:00',90),
('2018',2,"2018_ep2",'2018-02-12 19:00',90),
('2018',3,"2018_ep3",'2018-03-16 19:00',90),
('2018',4,"2018_ep4",'2018-04-17 19:00',90),
('2018',5,"2018_ep5",'2018-05-19 19:00',90),
('2019',1,"2019_ep1",'2019-07-05 19:00',90),
('2019',2,"2019_ep2",'2019-08-06 19:00',90),
('2019',3,"2019_ep3",'2019-09-07 19:00',90),
('2019',4,"2019_ep4",'2019-10-09 19:00',90),
('2019',5,"2019_ep5",'2019-11-10 19:00',90);

-- Stage --
INSERT INTO Stage VALUES
('2018',1,801,0,4,NULL,"S001"),
('2018',2,821,1,1,0,"S003"),
('2018',2,822,1,1,0,"S004"),
('2018',2,823,1,2,0,"S005"),
('2018',2,824,1,2,0,"S006"),
('2018',2,825,1,3,0,"S007"),
('2018',2,826,1,3,0,"S008"),
('2018',3,831,1,4,0,"S009"),
('2018',3,832,1,4,0,"S009"),
('2018',3,833,1,4,0,"S010"),
('2018',3,834,1,4,0,"S010"),
('2018',4,841,1,4,0,"S005"),
('2018',4,842,1,4,0,"S006"),
('2018',4,843,1,4,0,"S007"),
('2018',4,844,1,4,0,"S008"),
('2018',5,850,0,1,NULL,"S006"),
('2018',5,851,0,3,NULL,"S007"),
('2018',5,852,0,4,NULL,"S008"),
('2018',5,853,0,2,NULL,"S009"),
('2018',5,854,0,1,NULL,"S009"),
('2018',5,855,0,3,NULL,"S010"),
('2018',5,856,0,4,NULL,"S010"),
('2018',5,857,0,3,NULL,"S005"),
('2018',5,858,0,2,NULL,"S006"),
('2018',5,859,0,3,NULL,"S007"),
('2018',5,860,1,4,NULL,"S008"),
('2018',5,861,1,4,NULL,"S009"),
('2019',1,901,0,4,NULL,"S002"),
('2019',2,921,1,1,0,"S006"),
('2019',2,922,1,2,0,"S007"),
('2019',2,923,1,3,0,"S008"),
('2019',2,924,1,1,0,"S009"),
('2019',2,925,1,2,0,"S009"),
('2019',2,926,1,3,0,"S010"),
('2019',3,931,1,4,0,"S006"),
('2019',3,932,1,4,0,"S009"),
('2019',3,933,1,4,0,"S009"),
('2019',3,934,1,4,0,"S006"),
('2019',4,941,1,1,0,"S005"),
('2019',4,942,1,3,0,"S006"),
('2019',4,943,1,4,0,"S007"),
('2019',4,944,1,1,0,"S008"),
('2019',5,950,0,2,NULL,"S006"),
('2019',5,951,0,3,NULL,"S007"),
('2019',5,952,0,4,NULL,"S008"),
('2019',5,953,0,1,NULL,"S009"),
('2019',5,954,0,2,NULL,"S009"),
('2019',5,955,0,3,NULL,"S010"),
('2019',5,956,0,1,NULL,"S010"),
('2019',5,957,0,4,NULL,"S005"),
('2019',5,958,0,2,NULL,"S006"),
('2019',5,959,0,1,NULL,"S007"),
('2019',5,960,1,2,NULL,"S008"),
('2019',5,961,1,3,NULL,"S009");

-- -- StageIncludeTrainee --
INSERT INTO StageIncludeTrainee VALUES
('2018',1,801,111120180001,1,NULL),
('2018',1,801,111120180002,1,NULL),
('2018',1,801,111120180003,1,NULL),
('2018',1,801,111120180004,1,NULL),
('2018',1,801,111120180005,1,NULL),
('2018',1,801,111120180006,1,NULL),
('2018',1,801,111120180007,1,NULL),
('2018',1,801,111120180008,1,NULL),
('2018',1,801,111120180009,1,NULL),
('2018',1,801,111120180010,1,NULL),
('2018',1,801,111120180011,1,NULL),
('2018',1,801,111120180012,1,NULL),
('2018',1,801,111120180013,1,NULL),
('2018',1,801,111120180014,1,NULL),
('2018',1,801,111120180015,1,NULL),
('2018',1,801,111120180016,1,NULL),
('2018',1,801,111120180017,1,NULL),
('2018',1,801,111120180018,1,NULL),
('2018',1,801,111120180019,1,NULL),
('2018',1,801,111120180020,1,NULL),
('2018',1,801,111120180021,1,NULL),
('2018',1,801,111120180022,1,NULL),
('2018',1,801,111120180023,1,NULL),
('2018',1,801,111120180024,1,NULL),
('2018',1,801,111120180025,1,NULL),
('2018',1,801,111120180026,1,NULL),
('2018',1,801,111120180027,1,NULL),
('2018',1,801,111120180028,1,NULL),
('2018',1,801,111120180029,1,NULL),
('2018',1,801,111120180030,1,NULL),
('2018',1,801,111120180031,1,NULL),
('2018',1,801,111120180032,1,NULL),
('2018',1,801,111120180033,1,NULL),
('2018',1,801,111120180034,1,NULL),
('2018',1,801,111120180035,1,NULL),
('2018',1,801,111120180036,1,NULL),
('2018',1,801,111120180037,1,NULL),
('2018',1,801,111120180038,1,NULL),
('2018',1,801,111120180039,1,NULL),
('2018',1,801,111120180040,1,NULL),
('2018',2,821,111120180001,2,360),
('2018',2,821,111120180002,3,65),
('2018',2,821,111120180003,1,1),
('2018',2,821,111120180004,1,497),
('2018',2,821,111120180005,1,420),
('2018',2,822,111120180006,2,1),
('2018',2,822,111120180007,3,383),
('2018',2,822,111120180008,1,33),
('2018',2,822,111120180009,1,1),
('2018',2,822,111120180010,1,47),
('2018',2,823,111120180011,2,50),
('2018',2,823,111120180012,3,1),
('2018',2,823,111120180013,1,461),
('2018',2,823,111120180014,1,486),
('2018',2,823,111120180015,1,1),
('2018',2,824,111120180016,2,297),
('2018',2,824,111120180017,3,432),
('2018',2,824,111120180018,1,1),
('2018',2,824,111120180019,1,52),
('2018',2,824,111120180020,1,371),
('2018',2,825,111120180021,2,1),
('2018',2,825,111120180022,3,358),
('2018',2,825,111120180023,1,47),
('2018',2,825,111120180024,1,1),
('2018',2,825,111120180025,1,156),
('2018',2,826,111120180026,2,245),
('2018',2,826,111120180027,3,1),
('2018',2,826,111120180028,1,91),
('2018',2,826,111120180029,1,464),
('2018',2,826,111120180030,1,1),
('2018',3,831,111120180001,2,331),
('2018',3,831,111120180002,3,470),
('2018',3,831,111120180004,1,424),
('2018',3,831,111120180005,1,308),
('2018',3,831,111120180007,1,423),
('2018',3,832,111120180008,2,183),
('2018',3,832,111120180010,3,120),
('2018',3,832,111120180011,1,150),
('2018',3,832,111120180013,1,100),
('2018',3,832,111120180014,1,50),
('2018',3,833,111120180016,2,274),
('2018',3,833,111120180017,3,279),
('2018',3,833,111120180019,1,454),
('2018',3,833,111120180020,1,399),
('2018',3,833,111120180022,1,261),
('2018',3,834,111120180023,2,184),
('2018',3,834,111120180025,3,151),
('2018',3,834,111120180026,1,198),
('2018',3,834,111120180028,1,130),
('2018',3,834,111120180029,1,126),
('2018',4,841,111120180001,2,360),
('2018',4,841,111120180002,3,198),
('2018',4,841,111120180004,1,455),
('2018',4,841,111120180005,1,72),
('2018',4,842,111120180007,2,351),
('2018',4,842,111120180008,3,472),
('2018',4,842,111120180010,1,137),
('2018',4,842,111120180011,1,101),
('2018',4,843,111120180016,2,426),
('2018',4,843,111120180017,3,455),
('2018',4,843,111120180019,1,26),
('2018',4,843,111120180020,1,84),
('2018',4,844,111120180022,2,151),
('2018',4,844,111120180023,3,342),
('2018',4,844,111120180025,1,98),
('2018',4,844,111120180026,1,55),
('2018',5,850,111120180001,1,419),
('2018',5,851,111120180002,1,437),
('2018',5,852,111120180004,1,402),
('2018',5,853,111120180007,1,445),
('2018',5,854,111120180008,1,149),
('2018',5,855,111120180010,1,400),
('2018',5,856,111120180016,1,251),
('2018',5,857,111120180017,1,70),
('2018',5,858,111120180022,1,13),
('2018',5,859,111120180023,1,277),
('2018',5,860,111120180001,2,NULL),
('2018',5,860,111120180002,3,NULL),
('2018',5,860,111120180004,1,NULL),
('2018',5,860,111120180007,1,NULL),
('2018',5,860,111120180008,1,NULL),
('2018',5,861,111120180010,2,NULL),
('2018',5,861,111120180016,3,NULL),
('2018',5,861,111120180017,1,NULL),
('2018',5,861,111120180022,1,NULL),
('2018',5,861,111120180023,1,NULL),
('2019',1,901,111120190001,1,NULL),
('2019',1,901,111120190002,1,NULL),
('2019',1,901,111120190003,1,NULL),
('2019',1,901,111120190004,1,NULL),
('2019',1,901,111120190005,1,NULL),
('2019',1,901,111120190006,1,NULL),
('2019',1,901,111120190007,1,NULL),
('2019',1,901,111120190008,1,NULL),
('2019',1,901,111120190009,1,NULL),
('2019',1,901,111120190010,1,NULL),
('2019',1,901,111120190011,1,NULL),
('2019',1,901,111120190012,1,NULL),
('2019',1,901,111120190013,1,NULL),
('2019',1,901,111120190014,1,NULL),
('2019',1,901,111120190015,1,NULL),
('2019',1,901,111120190016,1,NULL),
('2019',1,901,111120190017,1,NULL),
('2019',1,901,111120190018,1,NULL),
('2019',1,901,111120190019,1,NULL),
('2019',1,901,111120190020,1,NULL),
('2019',1,901,111120190021,1,NULL),
('2019',1,901,111120190022,1,NULL),
('2019',1,901,111120190023,1,NULL),
('2019',1,901,111120190024,1,NULL),
('2019',1,901,111120190025,1,NULL),
('2019',1,901,111120190026,1,NULL),
('2019',1,901,111120190027,1,NULL),
('2019',1,901,111120190028,1,NULL),
('2019',1,901,111120190029,1,NULL),
('2019',1,901,111120190030,1,NULL),
('2019',1,901,111120190031,1,NULL),
('2019',1,901,111120190032,1,NULL),
('2019',1,901,111120190033,1,NULL),
('2019',1,901,111120190034,1,NULL),
('2019',1,901,111120190035,1,NULL),
('2019',1,901,111120190036,1,NULL),
('2019',1,901,111120190037,1,NULL),
('2019',1,901,111120190038,1,NULL),
('2019',1,901,111120190039,1,NULL),
('2019',1,901,111120190040,1,NULL),
('2019',1,901,111120180003,1,NULL),
('2019',1,901,111120180006,1,NULL),
('2019',1,901,111120180009,1,NULL),
('2019',1,901,111120180012,1,NULL),
('2019',1,901,111120180015,1,NULL),
('2019',1,901,111120180018,1,NULL),
('2019',1,901,111120180021,1,NULL),
('2019',1,901,111120180024,1,NULL),
('2019',1,901,111120180027,1,NULL),
('2019',1,901,111120180030,1,NULL),
('2019',1,901,111120180033,1,NULL),
('2019',1,901,111120180036,1,NULL),
('2019',1,901,111120180039,1,NULL),
('2019',2,921,111120190026,2,121),
('2019',2,921,111120180009,3,31),
('2019',2,921,111120180030,1,14),
('2019',2,921,111120190028,1,93),
('2019',2,921,111120190006,1,5),
('2019',2,922,111120190016,2,445),
('2019',2,922,111120190002,3,94),
('2019',2,922,111120180033,1,6),
('2019',2,922,111120190029,1,183),
('2019',2,922,111120190020,1,261),
('2019',2,923,111120190036,2,69),
('2019',2,923,111120190015,3,404),
('2019',2,923,111120190038,1,160),
('2019',2,923,111120190032,1,383),
('2019',2,923,111120190009,1,94),
('2019',2,924,111120190001,2,462),
('2019',2,924,111120190007,3,341),
('2019',2,924,111120190017,1,209),
('2019',2,924,111120190008,1,151),
('2019',2,924,111120190021,1,353),
('2019',2,925,111120190033,2,278),
('2019',2,925,111120190012,3,282),
('2019',2,925,111120180003,1,98),
('2019',2,925,111120190013,1,483),
('2019',2,925,111120180027,1,303),
('2019',2,926,111120190024,2,449),
('2019',2,926,111120190027,3,315),
('2019',2,926,111120180039,1,157),
('2019',2,926,111120190005,1,46),
('2019',2,926,111120190031,1,190),
('2019',3,931,111120190013,2,432),
('2019',3,931,111120190001,3,375),
('2019',3,931,111120190024,1,126),
('2019',3,931,111120190016,1,486),
('2019',3,931,111120190015,1,39),
('2019',3,932,111120190032,2,179),
('2019',3,932,111120190021,3,396),
('2019',3,932,111120190007,1,219),
('2019',3,932,111120190027,1,79),
('2019',3,932,111120180027,1,16),
('2019',3,933,111120190012,2,274),
('2019',3,933,111120190033,3,195),
('2019',3,933,111120190020,1,134),
('2019',3,933,111120190017,1,190),
('2019',3,933,111120190031,1,359),
('2019',3,934,111120190029,2,51),
('2019',3,934,111120190038,3,169),
('2019',3,934,111120180039,1,133),
('2019',3,934,111120190008,1,11),
('2019',3,934,111120190026,1,220),
('2019',4,941,111120190015,2,352),
('2019',4,941,111120190024,3,355),
('2019',4,941,111120180039,1,455),
('2019',4,941,111120190020,1,408),
('2019',4,942,111120190038,2,304),
('2019',4,942,111120190032,3,88),
('2019',4,942,111120190017,1,445),
('2019',4,942,111120190033,1,209),
('2019',4,943,111120190007,2,202),
('2019',4,943,111120190026,3,43),
('2019',4,943,111120190012,1,56),
('2019',4,943,111120190031,1,258),
('2019',4,944,111120190001,2,87),
('2019',4,944,111120190021,3,420),
('2019',4,944,111120190013,1,333),
('2019',4,944,111120190016,1,166),
('2019',5,950,111120180039,1,123),
('2019',5,951,111120190017,1,320),
('2019',5,952,111120190021,1,388),
('2019',5,953,111120190020,1,125),
('2019',5,954,111120190024,1,481),
('2019',5,955,111120190015,1,126),
('2019',5,956,111120190013,1,89),
('2019',5,957,111120190038,1,116),
('2019',5,958,111120190031,1,251),
('2019',5,959,111120190033,1,43),
('2019',5,960,111120180039,2,NULL),
('2019',5,960,111120190017,3,NULL),
('2019',5,960,111120190021,1,NULL),
('2019',5,960,111120190020,1,NULL),
('2019',5,960,111120190024,1,NULL),
('2019',5,961,111120190015,2,NULL),
('2019',5,961,111120190013,3,NULL),
('2019',5,961,111120190038,1,NULL),
('2019',5,961,111120190031,1,NULL),
('2019',5,961,111120190033,1,NULL);

-- InvitedGuest --
INSERT INTO InvitedGuest VALUES
(1),
(2),
(3),
(4),
(5),
(6),
(7),
(8);

-- Group --
INSERT INTO GGroup VALUES
('MenInBlack',5,5),
('Beatles',6,6),
('Walkers',4,7),
('Cters',5,8);

-- GroupSignatureSong --
INSERT INTO GroupSignatureSong VALUES
('MenInBlack','See You Again'),
('Beatles','Hello'),
('Walkers','Faded'),
('Cters','Despacito');

-- GuestSupportStage --
INSERT INTO GuestSupportStage VALUES
(2,2018,4,841),
(4,2018,4,842),
(6,2018,4,843),
(8,2018,4,844),
(1,2019,4,941),
(3,2019,4,942),
(5,2019,4,943),
(7,2019,4,944);

